project_id,fy,original,adjusted,label
rws-sebayeng-dikgale,2025/26,5973406,1027332,IUDG
rws-sebayeng-dikgale,2025/26,0,5000000,"Own funds (CRR), work-in-progress top-up"
rws-sebayeng-dikgale,2026/27,6389414,,IUDG (planned)
rws-sebayeng-dikgale,2027/28,7130435,,IUDG (planned)
sport-complex-sebayeng-dikgale,2025/26,3024130,3024130,IUDG
sport-complex-sebayeng-dikgale,2026/27,3478261,,IUDG (planned)
paving-dikgale-moshate,2025/26,869565,0,IUDG
paving-solomondale-d3997,2025/26,869565,0,IUDG
road-tshware-mamotshwa,2025/26,4495843,1115360,IUDG
road-sekoala-mehlakong,2025/26,7130435,8030435,"IUDG, RAL list"
road-titibe-makgoba,2025/26,10564322,10564322,"IUDG, RAL list"
bridge-titibe-mogabane,2025/26,0,1080000,"Own funds (CRR), moved from operating budget"
bridge-ga-mailula,2025/26,0,540000,"Own funds (CRR), moved from operating budget"
water-sebayeng-diepriver,2025/26,2000000,1917084,Own funds (CRR)
road-ga-makgoba-access,2025/26,285337,143677,"IUDG, RAL list"
bridge-segopye-mahlohlo,2025/26,0,680000,"Own funds (CRR), moved from operating budget"
centre-segopje-mobile,2025/26,2000000,2000000,Own funds (CRR)
centre-segopje-mobile,2026/27,2200000,,Own funds (CRR) (planned)
library-dikgale,2026/27,1800000,,Own funds (CRR) (planned)
library-dikgale,2027/28,2000000,,Own funds (CRR) (planned)
prov-ral-d844-mankweng-sebayeng,2026/27,7317000,,RAL equitable share (planned)
prov-ral-d844-mankweng-sebayeng,2027/28,19093000,,RAL equitable share (planned)
prov-ral-d3339-makotopong-mothiba,2026/27,7317000,,RAL equitable share (planned)
prov-edu-maboyane-primary,2026/27,5000000,,Education Infrastructure Grant (planned)
prov-edu-ngwanalaka-secondary,2025/26,2283000,,Education Infrastructure Grant
prov-eskom-segopye-ext,2027/28,178922,,Eskom (planned)
prov-eskom-sebayeng,2028/29,839603,,Eskom (planned)
road-thlatlaganya-paving,2026/27,7500000,,Own funds (CRR)
road-thlatlaganya-paving,2026/27,5500000,,IUDG
road-solomondale-rehab,2026/27,10000000,,Own funds (CRR)
prov-ral-d3997-sebayeng-gamoswedi,total,24370591,,"RAL total project cost (IDP 2025/26 sector table); R28,635,853 spent; VAT not stated"
prov-ral-d3959-dikgale-regravel,total,9000000,,"RAL total project cost (IDP 2025/26 sector table); R8,859,445 spent; VAT not stated"
prov-lnw-ebenezer-bulk,total,889000000,,"Budget Facility for Infrastructure (national, via DWS and Lepelle Northern Water), phase 1 total cost; covers the whole Olifantspoort/Ebenezer scheme, not only this cluster"
prov-cdm-makgoba-biodigesters,total,600000,,"CDM support for the pilot (University of Venda article, 2020); year and VAT not stated"
