project_id,date,document,fy,amount,vat,progress,note
bridge-ga-mailula,2026-02,Adjustments budget 2025/26 – original,2025/26,0,excl,,CRR; not in original budget; p.22
bridge-ga-mailula,2026-02,Adjustments budget 2025/26 – adjusted,2025/26,540000,excl,,"CRR; new low-level bridge (Ga Mailula) moved from operating budget; p.16, p.22"
bridge-segopye-mahlohlo,2026-02,Adjustments budget 2025/26 – original,2025/26,0,excl,,CRR; not in original budget; p.22
bridge-segopye-mahlohlo,2026-02,Adjustments budget 2025/26 – adjusted,2025/26,680000,excl,,"CRR; new low-level bridge (Segopye and Mahlohl[o]) moved from operating budget; p.16, p.22"
bridge-titibe-mogabane,2026-02,Adjustments budget 2025/26 – original,2025/26,0,excl,,CRR; not in original budget; p.22
bridge-titibe-mogabane,2026-02,Adjustments budget 2025/26 – adjusted,2025/26,1080000,excl,,"CRR; new low-level bridge (Titibe and Mogabane) moved from operating budget; p.16, p.22"
centre-segopje-mobile,2024-04,Final IDP 2024/25,2024/25,1196554,excl,,CRR; Annexure A p.1153 (also p.990)
centre-segopje-mobile,2024-04,Final IDP 2024/25,2025/26,1280952,excl,,CRR; Annexure A p.1153 (also p.990)
centre-segopje-mobile,2024-04,Final IDP 2024/25,2026/27,360000,excl,,CRR; Annexure A p.1153 (also p.990)
centre-segopje-mobile,2025-03,Draft IDP 2025/26 (projects phase),2025/26,1280952,excl,,CRR; p.400
centre-segopje-mobile,2025-03,Draft IDP 2025/26 (projects phase),2026/27,1360000,excl,,CRR; p.400
centre-segopje-mobile,2025-03,Draft IDP 2025/26 (projects phase),2027/28,1496000,excl,,CRR; p.400
centre-segopje-mobile,2025-05,Original budget 2025/26 (Annexure A),2025/26,2000000,excl,,CRR; p.104; same figures in Final IDP 2025/26 Annexure B p.1410ff
centre-segopje-mobile,2025-05,Original budget 2025/26 (Annexure A),2026/27,2200000,excl,,CRR; p.104; same figures in Final IDP 2025/26 Annexure B p.1410ff
centre-segopje-mobile,2026-02,Adjustments budget 2025/26 – original,2025/26,2000000,excl,,CRR; p.26
centre-segopje-mobile,2026-02,Adjustments budget 2025/26 – adjusted,2025/26,2000000,excl,,CRR; p.26
centre-segopje-mobile,2026-02,Adjustments budget 2025/26 – adjusted,2026/27,2200000,excl,,CRR outer year; p.26
centre-segopje-mobile,2026-03,Draft IDP 2026/31,,,not stated,Established,centre established; implementation to conclude in 2025/26; no 2026-29 budget line; p.542
centre-segopje-mobile,2026-05,Final IDP 2026/31,,,not stated,Established,same text; p.542
library-dikgale,2024-04,Final IDP 2024/25,2024/25,0,excl,,CRR; Annexure A p.1151 (also p.884)
library-dikgale,2024-04,Final IDP 2024/25,2026/27,800000,excl,Planning,CRR; planning target 2025/26; p.1151
library-dikgale,2025-03,Draft IDP 2025/26 (projects phase),2025/26,0,excl,"Planning (2025/26), designs (2026/27)",CRR; p.280
library-dikgale,2025-03,Draft IDP 2025/26 (projects phase),2026/27,1800000,excl,,CRR; p.280
library-dikgale,2025-03,Draft IDP 2025/26 (projects phase),2027/28,2000000,excl,,CRR; p.280
paving-dikgale-moshate,2024-04,Final IDP 2024/25,2024/25,1833649,excl,,IUDG; Annexure A p.1139 (also p.755)
paving-dikgale-moshate,2024-04,Final IDP 2024/25,2025/26,2476370,excl,,IUDG; Annexure A p.1139 (also p.755)
paving-dikgale-moshate,2024-04,Final IDP 2024/25,2026/27,1626087,excl,,IUDG; Annexure A p.1139 (also p.755)
paving-dikgale-moshate,2025-03,Draft IDP 2025/26 (projects phase),2025/26,2476370,excl,,IUDG; p.115
paving-dikgale-moshate,2025-03,Draft IDP 2025/26 (projects phase),2026/27,1626087,excl,,IUDG; p.115
paving-dikgale-moshate,2025-03,Draft IDP 2025/26 (projects phase),2027/28,4000000,excl,,IUDG; p.115
paving-dikgale-moshate,2025-03,Draft budget 2025/26,2025/26,1000000,incl,,IUDG; 'with VAT' table; p.25
paving-dikgale-moshate,2025-05,Original budget 2025/26 (Annexure A),2025/26,869565,excl,,IUDG; p.99; same figures in Final IDP 2025/26 Annexure B p.1410ff
paving-dikgale-moshate,2025-05,Final IDP 2025/26 – 2024/25 project status table,2024/25,2108696,not stated,Construction,IUDG; = 2024/25 incl figure; p.546
paving-dikgale-moshate,2026-02,Adjustments budget 2025/26 – original,2025/26,869565,excl,,IUDG; p.22
paving-dikgale-moshate,2026-02,Adjustments budget 2025/26 – adjusted,2025/26,0,excl,,IUDG; cut by 869 565; p.22
paving-solomondale-d3997,2024-04,Final IDP 2024/25 – 2022/23 IUDG status table,2022/23,655226,not stated,On design,IUDG; p.457
paving-solomondale-d3997,2024-04,Final IDP 2024/25,2024/25,3671407,excl,,IUDG; Annexure A p.1139 (also p.769)
paving-solomondale-d3997,2024-04,Final IDP 2024/25,2025/26,2227337,excl,,IUDG; Annexure A p.1139 (also p.769)
paving-solomondale-d3997,2025-03,Draft IDP 2025/26 (projects phase),2025/26,2227337,excl,,IUDG; p.145
paving-solomondale-d3997,2025-03,Draft IDP 2025/26 (projects phase),2026/27,2500000,excl,,IUDG; p.145
paving-solomondale-d3997,2025-03,Draft IDP 2025/26 (projects phase),2027/28,5500000,excl,,IUDG; p.145
paving-solomondale-d3997,2025-05,Original budget 2025/26 (Annexure A),2025/26,869565,excl,,IUDG; p.99; same figures in Final IDP 2025/26 Annexure B p.1410ff
paving-solomondale-d3997,2025-05,Final IDP 2025/26 – 2024/25 project status table,2024/25,4222118,not stated,Construction,IUDG; = 2024/25 incl figure; p.546
paving-solomondale-d3997,2026-02,Adjustments budget 2025/26 – original,2025/26,869565,excl,,IUDG; p.22
paving-solomondale-d3997,2026-02,Adjustments budget 2025/26 – adjusted,2025/26,0,excl,,IUDG; cut by 869 565; p.22
paving-solomondale-d3997,2026-03,Draft IDP 2026/31 (Annexure B draft MTREF),2026/27,0,excl,,IUDG; p.1375; same in Draft budget 2026/27
paving-solomondale-d3997,2026-03,Draft IDP 2026/31 (Annexure B draft MTREF),2028/29,869565,excl,,IUDG; p.1375
paving-solomondale-d3997,2026-05,Final IDP 2026/31 (Annexure B final MTREF),2026/27,0,excl,,IUDG; p.1488; same in Final budget 2026/27 Annexure A (Jun 2026)
paving-solomondale-d3997,2026-05,Final IDP 2026/31 (Annexure B final MTREF),2028/29,869565,excl,,IUDG; p.1488
prov-cdm-makgoba-biodigesters,2026-05,Capricorn DM IDP 2026/27,,,not stated,Pilot complete,"pilot successful, households receive cooking gas; no budget; p.86"
prov-edu-maboyane-primary,2025-03,Limpopo EPRE 2025/26,total,3749000,not stated,Stage 6: Handover,EIG; total cost; R327 000 spent; p.579
prov-edu-maboyane-primary,2025-03,Limpopo EPRE 2025/26,2025/26,0,not stated,,EIG; Table B5; p.579
prov-edu-maboyane-primary,2025-03,Limpopo EPRE 2025/26,2026/27,5000000,not stated,,EIG; Table B5; p.579
prov-edu-maboyane-primary,2025-03,Limpopo EPRE 2025/26,2027/28,0,not stated,,EIG; Table B5; p.579
prov-edu-maboyane-primary,2025-05,Final IDP 2025/26,total,3748881,not stated,97% (practical completion),EIG; R327 167 spent; p.1183
prov-edu-maboyane-primary,2026-05,Capricorn DM IDP 2026/27,2026/27,5000000,not stated,,"EIG; total 3 748 881, R327 167 spent; p.497"
prov-edu-maboyane-primary,2026-05,Capricorn DM IDP 2026/27,2027/28,0,not stated,,"EIG; total 3 748 881, R327 167 spent; p.497"
prov-edu-maboyane-primary,2026-05,Capricorn DM IDP 2026/27,2028/29,0,not stated,,"EIG; total 3 748 881, R327 167 spent; p.497"
prov-edu-maboyane-primary,2026-05,Final IDP 2026/31,2026/27,5000000,not stated,,"EIG sector table; total 3 748 881, R327 167 spent; p.1180"
prov-edu-maboyane-primary,2026-05,Final IDP 2026/31,2027/28,0,not stated,,"EIG sector table; total 3 748 881, R327 167 spent; p.1180"
prov-edu-maboyane-primary,2026-05,Final IDP 2026/31,2028/29,0,not stated,,"EIG sector table; total 3 748 881, R327 167 spent; p.1180"
prov-edu-ngwanalaka-secondary,2025-03,Limpopo EPRE 2025/26,total,291000,not stated,Stage 6: Handover,EIG; total cost 291k but R13 931 000 spent; p.578
prov-edu-ngwanalaka-secondary,2025-03,Limpopo EPRE 2025/26,2025/26,2283000,not stated,,EIG; Table B5; p.578
prov-edu-ngwanalaka-secondary,2025-03,Limpopo EPRE 2025/26,2026/27,0,not stated,,EIG; Table B5; p.578
prov-edu-ngwanalaka-secondary,2025-03,Limpopo EPRE 2025/26,2027/28,0,not stated,,EIG; Table B5; p.578
prov-edu-ngwanalaka-secondary,2025-05,Final IDP 2025/26,total,291246,not stated,97% (practical completion),EIG; R14 374 447 spent; p.1186
prov-eskom-sebayeng,2026-05,Capricorn DM IDP 2026/27,2028/29,839603,not stated,,"Eskom planned CAPEX, 702 connections; p.505"
prov-eskom-segopye-ext,2026-05,Capricorn DM IDP 2026/27,2027/28,178922,not stated,,"Eskom planned CAPEX, 31 connections; p.504"
prov-lnw-ebenezer-bulk,2025-05,Final IDP 2025/26,,,not stated,Phase 1 due 2026,LNW; first phase set for completion in 2026; p.335
prov-lnw-ebenezer-bulk,2026-05,Capricorn DM IDP 2026/27,total,7600000000,not stated,Main refurbishment works at practical commissioning,Ph 1A est. cost R7.6 bn (all phases R23.2 bn); refurbishment completion Jun 2026; p.466
prov-ral-d3339-makotopong-mothiba,2025-03,Limpopo EPRE 2025/26,total,4500000,not stated,Design development,Table B5 total project cost; R0 spent; p.606
prov-ral-d3339-makotopong-mothiba,2025-03,Limpopo EPRE 2025/26,2025/26,0,not stated,,RAL equitable share; Table B5; p.606
prov-ral-d3339-makotopong-mothiba,2025-03,Limpopo EPRE 2025/26,2026/27,7317000,not stated,,RAL equitable share; Table B5; p.606
prov-ral-d3339-makotopong-mothiba,2025-03,Limpopo EPRE 2025/26,2027/28,0,not stated,,RAL equitable share; Table B5; p.606
prov-ral-d3339-makotopong-mothiba,2025-03,RAL APP 2025/26,2025/26,0,not stated,Design development,T1145 EQS road maintenance; p.63
prov-ral-d3339-makotopong-mothiba,2025-03,RAL APP 2025/26,2026/27,6426000,not stated,,T1145 EQS road maintenance; p.63
prov-ral-d3339-makotopong-mothiba,2025-05,Final IDP 2025/26,total,4500000,not stated,On hold 0%,T1145; R0 spent; p.1192
prov-ral-d3959-dikgale-regravel,2025-05,Final IDP 2025/26,total,9000000,not stated,100% (final completion),T1344; R8 859 445 spent; p.1193
prov-ral-d3997-sebayeng-gamoswedi,2025-05,Final IDP 2025/26,total,24370591,not stated,100% (final completion),T1009B; R28 635 853 spent; p.1191
prov-ral-d844-mankweng-sebayeng,2025-03,Limpopo EPRE 2025/26,total,24595000,not stated,Design documentation,Table B5 total project cost; R7 334 000 spent to date; R thousand converted; p.607
prov-ral-d844-mankweng-sebayeng,2025-03,Limpopo EPRE 2025/26,2025/26,0,not stated,,RAL equitable share; Table B5; p.607
prov-ral-d844-mankweng-sebayeng,2025-03,Limpopo EPRE 2025/26,2026/27,7317000,not stated,,RAL equitable share; Table B5; p.607
prov-ral-d844-mankweng-sebayeng,2025-03,Limpopo EPRE 2025/26,2027/28,19093000,not stated,,RAL equitable share; Table B5; p.607
prov-ral-d844-mankweng-sebayeng,2025-03,RAL APP 2025/26,2025/26,0,not stated,Design documentation,T1134 EQS road maintenance; p.63
prov-ral-d844-mankweng-sebayeng,2025-03,RAL APP 2025/26,2026/27,6426000,not stated,,T1134 EQS road maintenance; p.63
prov-ral-d844-mankweng-sebayeng,2025-03,RAL APP 2025/26,2027/28,22533000,not stated,,T1134 EQS road maintenance; p.63
prov-ral-d844-mankweng-sebayeng,2025-05,Final IDP 2025/26,total,24595044,not stated,3% (design),sector projects table; R7 334 059 spent; p.1191
prov-ral-d844-mankweng-sebayeng,2026-03,Draft IDP 2026/31,,,not stated,Site establishment,now listed as RAL T1412 D844 Mankweng to Sebayeng; p.1233
road-ga-makgoba-access,2024-04,Final IDP 2024/25 – 2022/23 IUDG status table,2022/23,978192,not stated,On design,IUDG; '(planning)'; p.458
road-ga-makgoba-access,2024-04,Final IDP 2024/25,2024/25,2662119,excl,,IUDG; RAL roads table p.1156 (no VAT label; IDP table p.758 says excl)
road-ga-makgoba-access,2025-03,Draft IDP 2025/26 (projects phase),2025/26,2400000,excl,,IUDG; p.122
road-ga-makgoba-access,2025-03,Draft IDP 2025/26 (projects phase),2026/27,2600000,excl,,IUDG; p.122
road-ga-makgoba-access,2025-03,Draft budget 2025/26,2025/26,2628138,incl,,IUDG; 'with VAT' table; p.25
road-ga-makgoba-access,2025-05,Original budget 2025/26 (Annexure A),2025/26,2285337,excl,,IUDG; RAL roads table p.106 (incl 2 628 138); same figures in Final IDP 2025/26 Annexure B p.1410ff
road-ga-makgoba-access,2025-05,Final IDP 2025/26 – 2024/25 project status table,2024/25,3061437,not stated,Construction,IUDG; = 2024/25 incl figure; p.548
road-ga-makgoba-access,2026-02,Adjustments budget 2025/26 – original,2025/26,285337,excl,,IUDG; RAL roads table p.28; May 2025 original was 2 285 337
road-ga-makgoba-access,2026-02,Adjustments budget 2025/26 – adjusted,2025/26,143677,excl,,IUDG; cut by 141 660; p.28
road-ga-makgoba-access,2026-03,Draft IDP 2026/31 (Annexure B draft MTREF),2026/27,0,excl,,IUDG; p.1400; same in Draft budget 2026/27
road-ga-makgoba-access,2026-03,Draft IDP 2026/31 (Annexure B draft MTREF),2028/29,869565,excl,,IUDG; p.1400
road-ga-makgoba-access,2026-05,Final IDP 2026/31 (Annexure B final MTREF),2026/27,0,excl,,IUDG; p.1504; same in Final budget 2026/27 Annexure A (Jun 2026)
road-ga-makgoba-access,2026-05,Final IDP 2026/31 (Annexure B final MTREF),2028/29,869565,excl,,IUDG; p.1504
road-sekoala-mehlakong,2024-04,Final IDP 2024/25 – 2022/23 IUDG status table,2022/23,766579,not stated,On design,IUDG; p.458
road-sekoala-mehlakong,2024-04,Final IDP 2024/25,2024/25,2216651,excl,,IUDG; RAL roads table p.1156 (no VAT label; IDP table p.768 says excl)
road-sekoala-mehlakong,2024-04,Final IDP 2024/25,2025/26,2681023,excl,,IUDG; RAL roads table p.1156 (no VAT label; IDP table p.768 says excl)
road-sekoala-mehlakong,2024-04,Final IDP 2024/25,2026/27,2608696,excl,,IUDG; RAL roads table p.1156 (no VAT label; IDP table p.768 says excl)
road-sekoala-mehlakong,2025-03,Draft IDP 2025/26 (projects phase),2025/26,2681023,excl,,IUDG; p.141
road-sekoala-mehlakong,2025-03,Draft IDP 2025/26 (projects phase),2026/27,2608696,excl,,IUDG; p.141
road-sekoala-mehlakong,2025-03,Draft IDP 2025/26 (projects phase),2027/28,4500000,excl,,IUDG; p.141
road-sekoala-mehlakong,2025-05,Original budget 2025/26 (Annexure A),2025/26,7130435,excl,,IUDG; RAL roads table p.106; same figures in Final IDP 2025/26 Annexure B p.1410ff
road-sekoala-mehlakong,2025-05,Final IDP 2025/26 – 2024/25 project status table,2024/25,2549149,not stated,Construction,IUDG; = 2024/25 incl figure; p.548
road-sekoala-mehlakong,2026-02,Adjustments budget 2025/26 – original,2025/26,7130435,excl,,IUDG; RAL roads table p.28
road-sekoala-mehlakong,2026-02,Adjustments budget 2025/26 – adjusted,2025/26,8030435,excl,,IUDG; +900 000; p.28
road-sekoala-mehlakong,2026-03,Draft IDP 2026/31 (Annexure B draft MTREF),2026/27,0,excl,,IUDG; p.1376; same in Draft budget 2026/27
road-sekoala-mehlakong,2026-03,Draft IDP 2026/31 (Annexure B draft MTREF),2028/29,869565,excl,,IUDG; p.1376
road-sekoala-mehlakong,2026-05,Final IDP 2026/31 (Annexure B final MTREF),2026/27,0,excl,,IUDG; p.1489; same in Final budget 2026/27 Annexure A (Jun 2026)
road-sekoala-mehlakong,2026-05,Final IDP 2026/31 (Annexure B final MTREF),2028/29,869565,excl,,IUDG; p.1489
road-titibe-makgoba,2024-04,Final IDP 2024/25,2024/25,2608696,excl,,IUDG; RAL roads table p.1156 (no VAT label; IDP table p.760 says excl)
road-titibe-makgoba,2024-04,Final IDP 2024/25,2025/26,2681023,excl,,IUDG; RAL roads table p.1156 (no VAT label; IDP table p.760 says excl)
road-titibe-makgoba,2024-04,Final IDP 2024/25,2026/27,3478261,excl,,IUDG; RAL roads table p.1156 (no VAT label; IDP table p.760 says excl)
road-titibe-makgoba,2025-03,Draft IDP 2025/26 (projects phase),2025/26,2681023,excl,,IUDG; p.125
road-titibe-makgoba,2025-03,Draft IDP 2025/26 (projects phase),2026/27,1478261,excl,,IUDG; p.125
road-titibe-makgoba,2025-03,Draft IDP 2025/26 (projects phase),2027/28,6500000,excl,,IUDG; p.125
road-titibe-makgoba,2025-03,Draft budget 2025/26,2025/26,10870452,incl,,IUDG; 'with VAT' table; p.25
road-titibe-makgoba,2025-05,Original budget 2025/26 (Annexure A),2025/26,9452567,excl,,IUDG; RAL roads table p.106 (incl 10 870 452); same figures in Final IDP 2025/26 Annexure B p.1410ff
road-titibe-makgoba,2025-05,Final IDP 2025/26 – 2024/25 project status table,2024/25,3000000,not stated,Construction,IUDG; = 2024/25 incl figure; p.548
road-titibe-makgoba,2026-02,Adjustments budget 2025/26 – original,2025/26,10564322,excl,,IUDG; RAL roads table p.28; differs from May 2025 original (9 452 567)
road-titibe-makgoba,2026-02,Adjustments budget 2025/26 – adjusted,2025/26,10564322,excl,,IUDG; unchanged; p.28
road-titibe-makgoba,2026-03,Draft IDP 2026/31 (Annexure B draft MTREF),2026/27,0,excl,,IUDG; p.1400; same in Draft budget 2026/27
road-titibe-makgoba,2026-03,Draft IDP 2026/31 (Annexure B draft MTREF),2028/29,869565,excl,,IUDG; p.1400
road-titibe-makgoba,2026-05,Final IDP 2026/31 (Annexure B final MTREF),2026/27,0,excl,,IUDG; p.1504; same in Final budget 2026/27 Annexure A (Jun 2026)
road-titibe-makgoba,2026-05,Final IDP 2026/31 (Annexure B final MTREF),2028/29,869565,excl,,IUDG; p.1504
road-tshware-mamotshwa,2024-04,Final IDP 2024/25,2024/25,2863483,excl,,IUDG; RAL roads table p.1156 (no VAT label; IDP table p.769 says excl)
road-tshware-mamotshwa,2024-04,Final IDP 2024/25,2025/26,3448509,excl,,IUDG; RAL roads table p.1156 (no VAT label; IDP table p.769 says excl)
road-tshware-mamotshwa,2024-04,Final IDP 2024/25,2026/27,2173913,excl,,IUDG; RAL roads table p.1156 (no VAT label; IDP table p.769 says excl)
road-tshware-mamotshwa,2025-03,Draft IDP 2025/26 (projects phase),2025/26,2448509,excl,,IUDG; p.142
road-tshware-mamotshwa,2025-03,Draft IDP 2025/26 (projects phase),2026/27,2173913,excl,,IUDG; p.142
road-tshware-mamotshwa,2025-03,Draft IDP 2025/26 (projects phase),2027/28,5500000,excl,,IUDG; p.142
road-tshware-mamotshwa,2025-03,Draft budget 2025/26,2025/26,6240000,incl,,IUDG; 'with VAT' table; p.25
road-tshware-mamotshwa,2025-05,Original budget 2025/26 (Annexure A),2025/26,4495843,excl,,IUDG; p.99; same figures in Final IDP 2025/26 Annexure B p.1410ff
road-tshware-mamotshwa,2025-05,Final IDP 2025/26 – 2024/25 project status table,2024/25,3293006,not stated,Construction,IUDG; = 2024/25 incl figure; p.549
road-tshware-mamotshwa,2026-02,Adjustments budget 2025/26 – original,2025/26,4495843,excl,,IUDG; p.22
road-tshware-mamotshwa,2026-02,Adjustments budget 2025/26 – adjusted,2025/26,1115360,excl,,IUDG; cut by 3 380 483; p.22
road-tshware-mamotshwa,2026-03,Draft IDP 2026/31 (Annexure B draft MTREF),2026/27,0,excl,,IUDG; RAL roads list; p.1400; same in Draft budget 2026/27
road-tshware-mamotshwa,2026-03,Draft IDP 2026/31 (Annexure B draft MTREF),2028/29,869565,excl,,IUDG; p.1400
road-tshware-mamotshwa,2026-05,Final IDP 2026/31 (Annexure B final MTREF),2026/27,0,excl,,IUDG; p.1504; same in Final budget 2026/27 Annexure A (Jun 2026)
road-tshware-mamotshwa,2026-05,Final IDP 2026/31 (Annexure B final MTREF),2028/29,869565,excl,,IUDG; p.1504
rws-sebayeng-dikgale,2024-04,Final IDP 2024/25 – 2022/23 IUDG status table,2022/23,5000000,not stated,Technical report stage,IUDG; 'Sebayeng/Dikgale RWS Phase 10'; consultant reviewed designs; p.460
rws-sebayeng-dikgale,2024-04,Final IDP 2024/25,2024/25,4142658,excl,,IUDG; Annexure A MTREF p.1142 (also IDP table p.705)
rws-sebayeng-dikgale,2024-04,Final IDP 2024/25,2025/26,2869417,excl,,IUDG; Annexure A MTREF p.1142 (also IDP table p.705)
rws-sebayeng-dikgale,2024-04,Final IDP 2024/25,2026/27,4347826,excl,,IUDG; Annexure A MTREF p.1142 (also IDP table p.705)
rws-sebayeng-dikgale,2025-03,Draft IDP 2025/26 (projects phase),2025/26,2869417,excl,,IUDG; p.7
rws-sebayeng-dikgale,2025-03,Draft IDP 2025/26 (projects phase),2026/27,4347826,excl,,IUDG; p.7
rws-sebayeng-dikgale,2025-03,Draft IDP 2025/26 (projects phase),2027/28,2200000,excl,,IUDG; p.7
rws-sebayeng-dikgale,2025-05,Original budget 2025/26 (Annexure A),2025/26,5973406,excl,,IUDG; p.100; same figures in Final IDP 2025/26 Annexure B p.1410ff
rws-sebayeng-dikgale,2025-05,Original budget 2025/26 (Annexure A),2026/27,6389414,excl,,IUDG; p.100; same figures in Final IDP 2025/26 Annexure B p.1410ff
rws-sebayeng-dikgale,2025-05,Original budget 2025/26 (Annexure A),2027/28,7130435,excl,,IUDG; p.100; same figures in Final IDP 2025/26 Annexure B p.1410ff
rws-sebayeng-dikgale,2025-05,Final IDP 2025/26 – 2024/25 project status table,2024/25,4764057,not stated,Construction,"IUDG; printed R4.764.056,56 (= 2024/25 incl figure); p.549"
rws-sebayeng-dikgale,2025-05,Final IDP 2025/26,,,not stated,64% (phase 10),Phase 10 reached 64%; p.329
rws-sebayeng-dikgale,2026-02,Adjustments budget 2025/26 – original,2025/26,5973406,excl,,IUDG; with transfer of funds already cut to 1 027 332; Annexure A p.23
rws-sebayeng-dikgale,2026-02,Adjustments budget 2025/26 – adjusted,2025/26,1027332,excl,,IUDG; Annexure A p.23
rws-sebayeng-dikgale,2026-02,Adjustments budget 2025/26 – adjusted,2025/26,5000000,excl,,"CRR 'WIP Sebayeng Dikgale RWS 233600' new line; p.16, p.23"
rws-sebayeng-dikgale,2026-02,Adjustments budget 2025/26 – adjusted,2026/27,6389414,excl,,IUDG outer year; p.23
rws-sebayeng-dikgale,2026-02,Adjustments budget 2025/26 – adjusted,2027/28,7130435,excl,,IUDG outer year (column mislabelled 2026/27); p.23
rws-sebayeng-dikgale,2026-03,Draft IDP 2026/31 (Annexure B draft MTREF),2026/27,5556012,excl,,IUDG 'WIP Sebayeng Dikgale RWS'; p.1381; same in Draft budget 2026/27
rws-sebayeng-dikgale,2026-03,Draft IDP 2026/31 (Annexure B draft MTREF),2027/28,6200378,excl,,IUDG 'WIP Sebayeng Dikgale RWS'; p.1381; same in Draft budget 2026/27
rws-sebayeng-dikgale,2026-03,Draft IDP 2026/31 (Annexure B draft MTREF),2028/29,7710453,excl,,IUDG 'WIP Sebayeng Dikgale RWS'; p.1381; same in Draft budget 2026/27
rws-sebayeng-dikgale,2026-03,Draft IDP 2026/31,,,not stated,"64% (phase 10, repeated)",repeats 2024 Phase 10 64% text; p.346
rws-sebayeng-dikgale,2026-05,Final IDP 2026/31 (Annexure B final MTREF),2026/27,5556012,excl,,IUDG; p.1492; same in Final budget 2026/27 Annexure A (Jun 2026)
rws-sebayeng-dikgale,2026-05,Final IDP 2026/31 (Annexure B final MTREF),2027/28,6200378,excl,,IUDG; p.1492; same in Final budget 2026/27 Annexure A (Jun 2026)
rws-sebayeng-dikgale,2026-05,Final IDP 2026/31 (Annexure B final MTREF),2028/29,7710453,excl,,IUDG; p.1492; same in Final budget 2026/27 Annexure A (Jun 2026)
sport-complex-sebayeng-dikgale,2024-04,Final IDP 2024/25 – 2022/23 IUDG status table,2022/23,1361000,not stated,Design review,IUDG; consultant busy with design review; p.461
sport-complex-sebayeng-dikgale,2024-04,Final IDP 2024/25,2024/25,5672945,excl,,IUDG; Annexure A p.1151 (also p.852)
sport-complex-sebayeng-dikgale,2024-04,Final IDP 2024/25,2025/26,4347826,excl,,IUDG; Annexure A p.1151 (also p.852)
sport-complex-sebayeng-dikgale,2024-04,Final IDP 2024/25,2026/27,3391304,excl,,IUDG; Annexure A p.1151 (also p.852)
sport-complex-sebayeng-dikgale,2025-03,Draft IDP 2025/26 (projects phase),2025/26,2347826,excl,,IUDG; p.249
sport-complex-sebayeng-dikgale,2025-03,Draft IDP 2025/26 (projects phase),2026/27,2391304,excl,,IUDG; p.249
sport-complex-sebayeng-dikgale,2025-03,Draft IDP 2025/26 (projects phase),2027/28,1750000,excl,,IUDG; p.249
sport-complex-sebayeng-dikgale,2025-03,Draft budget 2025/26,,,not stated,Delayed,delayed due to non-appointment of contractor; p.90
sport-complex-sebayeng-dikgale,2025-05,Original budget 2025/26 (Annexure A),2025/26,3024130,excl,,IUDG; p.103; same figures in Final IDP 2025/26 Annexure B p.1410ff
sport-complex-sebayeng-dikgale,2025-05,Original budget 2025/26 (Annexure A),2026/27,3478261,excl,,IUDG; p.103; same figures in Final IDP 2025/26 Annexure B p.1410ff
sport-complex-sebayeng-dikgale,2025-05,Final IDP 2025/26 – 2024/25 project status table,2024/25,6523887,not stated,Not started,IUDG; negotiating priced BOQ with contractor; p.551
sport-complex-sebayeng-dikgale,2026-02,Adjustments budget 2025/26 – original,2025/26,3024130,excl,,IUDG; p.26
sport-complex-sebayeng-dikgale,2026-02,Adjustments budget 2025/26 – adjusted,2025/26,3024130,excl,,IUDG; p.26
sport-complex-sebayeng-dikgale,2026-02,Adjustments budget 2025/26 – adjusted,2026/27,3478261,excl,,IUDG outer year; p.26
sport-complex-sebayeng-dikgale,2026-03,Draft IDP 2026/31 (Annexure B draft MTREF),2026/27,4729236,excl,,IUDG 'CWIP Construction of Sebayeng Dikgale Sport Complex'; p.1391; same in Draft budget 2026/27
sport-complex-sebayeng-dikgale,2026-03,Draft IDP 2026/31 (Annexure B draft MTREF),2027/28,5304348,excl,,IUDG 'CWIP Construction of Sebayeng Dikgale Sport Complex'; p.1391; same in Draft budget 2026/27
sport-complex-sebayeng-dikgale,2026-03,Draft IDP 2026/31 (Annexure B draft MTREF),2028/29,4347826,excl,,IUDG 'CWIP Construction of Sebayeng Dikgale Sport Complex'; p.1391; same in Draft budget 2026/27
sport-complex-sebayeng-dikgale,2026-05,Final IDP 2026/31 (Annexure B final MTREF),2026/27,4729236,excl,,IUDG; p.1498; same in Final budget 2026/27 Annexure A (Jun 2026)
sport-complex-sebayeng-dikgale,2026-05,Final IDP 2026/31 (Annexure B final MTREF),2027/28,5304348,excl,,IUDG; p.1498; same in Final budget 2026/27 Annexure A (Jun 2026)
sport-complex-sebayeng-dikgale,2026-05,Final IDP 2026/31 (Annexure B final MTREF),2028/29,4347826,excl,,IUDG; p.1498; same in Final budget 2026/27 Annexure A (Jun 2026)
water-sebayeng-diepriver,2025-03,Draft IDP 2025/26 (projects phase),2025/26,5000000,excl,,RBIG; p.49
water-sebayeng-diepriver,2025-03,Draft IDP 2025/26 (projects phase),2026/27,100000000,excl,,RBIG; p.49
water-sebayeng-diepriver,2025-03,Draft IDP 2025/26 (projects phase),2027/28,279000000,excl,,RBIG; p.49
water-sebayeng-diepriver,2025-05,Original budget 2025/26 (Annexure A),2025/26,2000000,excl,,CRR planning and design; p.100; same figures in Final IDP 2025/26 Annexure B p.1410ff
water-sebayeng-diepriver,2025-05,Original budget 2025/26 (Annexure A),2026/27,69565217,excl,,RBIG line (construction); p.100
water-sebayeng-diepriver,2025-05,Original budget 2025/26 (Annexure A),2027/28,869565,excl,,RBIG line; p.100
water-sebayeng-diepriver,2026-02,Adjustments budget 2025/26 – original,2025/26,2000000,excl,,CRR; p.23
water-sebayeng-diepriver,2026-02,Adjustments budget 2025/26 – adjusted,2025/26,1917084,excl,,CRR; cut by 82 916; p.23
water-sebayeng-diepriver,2026-03,Draft IDP 2026/31 (Annexure B draft MTREF),2026/27,0,excl,,CRR co-funding; no RBIG line any more; p.1380; same in Draft budget 2026/27
water-sebayeng-diepriver,2026-03,Draft IDP 2026/31 (Annexure B draft MTREF),2028/29,1739130,excl,,CRR co-funding; p.1380
water-sebayeng-diepriver,2026-05,Final IDP 2026/31 (Annexure B final MTREF),2026/27,0,excl,,CRR; p.1491; same in Final budget 2026/27 Annexure A (Jun 2026)
water-sebayeng-diepriver,2026-05,Final IDP 2026/31 (Annexure B final MTREF),2028/29,1739130,excl,,CRR; p.1491
road-thlatlaganya-paving,2026-03,Draft budget 2026/27,2027/28,797101,excl,,IUDG 'Paving of Thlathlanganya Roads' (likely phase 1); budget2627 draft
road-thlatlaganya-paving,2026-03,Draft budget 2026/27,2028/29,916666,excl,,IUDG 'Paving of Thlathlanganya Roads' (likely phase 1)
road-thlatlaganya-paving,2026-05,Final IDP 2026/31,,,excl,1 km to be paved,Lists only the own-funds (CRR) part: R7 500 000 excl (R8 625 000 incl); p.1031
road-thlatlaganya-paving,2026-06,Final budget 2026/27 (Annexure A),2026/27,13000000,excl,,CRR 7 500 000 + IUDG 5 500 000
road-solomondale-rehab,2026-06,Final budget 2026/27 (Annexure A),2026/27,10000000,excl,,CRR; incl 11 500 000
prov-lnw-ebenezer-bulk,2024-11,PMG written reply NO489,total,889000000,not stated,54% (phase 1),Budget Facility for Infrastructure; phase 1 (refurbishment to restore 60 Ml/day) total cost; expected completion July 2025; reply dated 14 Nov 2024
prov-cdm-makgoba-biodigesters,2020-06,University of Venda news article,total,600000,not stated,Pilot planned,"CDM support for piloting bio-digesters in communities around Makgoba village; training held at Makgoba Community Hall, 13-17 Mar 2020; date is the web archive capture (11 Jun 2020)"
housing-ntsima,2024-12,CDM news: Ntsima house handover,,,not stated,Handed over,House handed over on 20 Dec 2024 by the CoGHSTA MEC and the CDM executive mayor to Mme Makgato; the MEC had promised the provincial Petitions Committee on 24 Oct 2024 to deliver it before Christmas; no cost given; cdm.org.za/?p=18033 (23 Dec 2024)
road-ga-makgoba-access,2025-03,Annual report 2023/24,2023/24,3534983,not stated,,IUDG; spent 2023/24 (budget 3 542 963); p.465
road-ga-makgoba-access,2025-05,Q3 performance report 2024/25,,,not stated,Surfacing 2.2 km: 100%,"Surfacing of 2.2 km road achieved, completion certificate; p.29"
road-ga-makgoba-access,2025-07,Q4 performance report 2024/25,,,not stated,Road reserve finishing: 100%,Cleaning and finishing the road reserve; completion certificate; p.31
road-ga-makgoba-access,2026-01,Mid-year report 2025/26,,,not stated,,Outstanding invoices to service providers paid (100%); p.47
road-tshware-mamotshwa,2025-03,Annual report 2023/24,2023/24,920609,not stated,,IUDG; spent 2023/24 (R920 608.81); p.466
road-tshware-mamotshwa,2025-05,Q3 performance report 2024/25,,,not stated,Stormwater works: 100%,"Target: surfacing of 1.36 km; stormwater construction achieved, completion certificate; p.31"
road-tshware-mamotshwa,2025-07,Q4 performance report 2024/25,,,not stated,Layer works: 100%,Completion of layer works; completion certificate; p.31
road-tshware-mamotshwa,2026-01,Mid-year report 2025/26,,,not stated,,Outstanding invoices to service providers paid (100%); p.48
road-sekoala-mehlakong,2025-05,Q3 performance report 2024/25,,,not stated,Layer works: 55.7%,Construction of layer works; p.31
road-sekoala-mehlakong,2025-10,Q1 performance report 2025/26,,,not stated,Layer works: 73%,Processing layer works; p.33
road-sekoala-mehlakong,2026-01,Mid-year report 2025/26,,,not stated,Paving 1.2 km: 91%,"1.2 km to be paved; base, kerbs and paving bricks; p.46"
road-sekoala-mehlakong,2026-07,Q4 performance report 2025/26,,,not stated,1.2 km paved: 100%,1.2 km paved; practical and completion certificates; p.46 (scanned page)
bridge-ga-mailula,2026-07,Q4 performance report 2025/26,,,not stated,Bridge built: 100%,"'Construction of low level bridge in Ga Mailula': target achieved, 1 low-level bridge constructed; p.48 (scanned page)"
bridge-titibe-mogabane,2026-07,Q4 performance report 2025/26,,,not stated,Bridge built: 100%,"'Construction of low-level bridge linking Titibe and Mogabane': target achieved, 1 low-level bridge constructed; p.48 (scanned page)"
road-titibe-makgoba,2025-03,Annual report 2023/24,2023/24,999086,not stated,,IUDG; spent 2023/24 (budget 1 000 000); p.465
road-titibe-makgoba,2025-05,Q3 performance report 2024/25,,,not stated,25% (target 40%),"Target 40% not achieved: slow progress, cash-flow problems; p.30"
road-titibe-makgoba,2026-01,Mid-year report 2025/26,,,not stated,Invoices paid: 70%,Outstanding invoices only 70% paid because of outstanding works on site; p.47
road-titibe-makgoba,2025-12,Polokwane notice: Titibe road progress,,,not stated,,Surfacing of 1.5 km completed; road to open over December holidays; V-drain and kerbs from January 2026
road-titibe-makgoba,2026-07,Q4 performance report 2025/26,,,not stated,1.5 km road: 98%,"Completion of 1.5 km road; practically complete, V-drain to be redone, contractor on penalties and busy with snag list; p.46 (scanned page)"
sport-complex-sebayeng-dikgale,2025-03,Annual report 2023/24,2023/24,,not stated,Contractor appointed: Malerate Construction,"Appointment of the contractor achieved; p.450; named on p.611 as 'Malerate construction' for the fence and borehole (ref TBC, value not stated)"
sport-complex-sebayeng-dikgale,2025-05,Q3 performance report 2024/25,,,not stated,Fencing: 100%,Fencing; practical completion certificate; p.41
sport-complex-sebayeng-dikgale,2025-07,Q4 performance report 2024/25,,,not stated,Borehole: 100%,Drilling of borehole; completion certificate; p.38
sport-complex-sebayeng-dikgale,2026-01,Annual report 2024/25,2024/25,5446546,excl,Year's budget spent: 99%,IUDG; spent 2024/25 (R6 263 528 incl) against adjusted R5 496 688 excl (R6 321 191 incl); p.497
sport-complex-sebayeng-dikgale,2026-01,Mid-year report 2025/26,,,not stated,18% (target 25%),Target 25% not met: dispute over appointment of EPWP personnel; guardhouse and ablution block; p.55
sport-complex-sebayeng-dikgale,2026-07,Q4 performance report 2025/26,,,not stated,Ablution block and pitch: 100%,Construction of ablution block and planting grass for soccer pitch; p.55 (scanned page)
sport-complex-sebayeng-dikgale,2026-06,SDBIP 2026/27,2026/27,5438621,incl,,IUDG CWP_81; combi courts then athletics track by 30 June 2027; same as budget R4 729 236 excl; p.23
rws-sebayeng-dikgale,2025-03,Annual report 2023/24,2023/24,5957323,not stated,64% (phase 10),"IUDG 'WIP Sebayeng/Dikgale RWS 233600' spent 100% (also CRR WIP R4 657 620 of R5 123 486); target 90% missed due to stoppages and community unrest; pp.43-44, p.423"
rws-sebayeng-dikgale,2025-05,Q3 performance report 2024/25,,,not stated,Phase 11 investigations: 3%,Phase 11: geohydrological investigations; p.33
rws-sebayeng-dikgale,2025-07,Q4 performance report 2024/25,,,not stated,Phase 11 design: 5%,Preliminary design report; PDR and DDR; p.32. 411 households in Sebayeng/Dikgale got water access in 2024/25 (p.9)
rws-sebayeng-dikgale,2026-01,Annual report 2024/25,2024/25,9249895,excl,Phase 10 practical completion,"IUDG; spent R10 637 379 incl (100%); phase 10 contract PM38/2022 (Makeyise Trading) 19 Jan 2024 to 18 Sept 2024, practical completion, snag list pending; p.488, p.290"
rws-sebayeng-dikgale,2026-07,Q4 performance report 2025/26,,,not stated,0% (target 35%),"Target 35% (reticulation) not met: late approval of project areas, survey and geotechnical delays; preliminary design approved; construction expected Q1 2026/27; p.37 (scanned page)"
rws-sebayeng-dikgale,2026-06,SDBIP 2026/27,2026/27,6389414,incl,,IUDG CWP_5; wards 29-33; same as budget R5 556 012 excl; p.19
paving-dikgale-moshate,2025-05,Q3 performance report 2024/25,,,not stated,Surfacing 0.65 km: 60%,Target 0.65 km surfacing; project on hold for cash-flow; contractor paid 28/03/2025 and to resume; p.26
paving-dikgale-moshate,2025-07,Q4 performance report 2024/25,,,not stated,60% (target not met),Target not achieved; to be aligned to the design report; p.29
paving-dikgale-moshate,2026-01,Annual report 2024/25,2024/25,5150205,excl,Year's budget spent: 96%,"IUDG; spent R5 922 736 incl against adjusted R5 348 506 excl; plus CRR line spent R1 183 756 excl (R1 361 320 incl, 94%); pp.483-484"
paving-dikgale-moshate,2026-01,Mid-year report 2025/26,,,not stated,,Outstanding invoices to service providers paid (100%); p.47
paving-solomondale-d3997,2025-03,Annual report 2023/24,2023/24,2190066,not stated,,IUDG; spent 2023/24 (budget 2 194 000); p.466
paving-solomondale-d3997,2025-03,SDBIP 2024/25 (revised),2024/25,6171407,excl,,"IUDG adjusted (R7 097 118 incl); target 1.43 km stormwater; pp.9, 30"
paving-solomondale-d3997,2026-01,Annual report 2024/25,2024/25,7429623,excl,Year's budget spent: 98%,IUDG; spent R8 544 066 incl against adjusted R7 571 407 excl (R8 707 118 incl); p.485
paving-solomondale-d3997,2026-01,Mid-year report 2025/26,,,not stated,,Outstanding invoices to service providers paid (100%); p.48
road-solomondale-rehab,2026-06,SDBIP 2026/27,2026/27,11500000,incl,,CRR CWP_200; ward 32; 2.8 km rehabilitated by target date; same as budget R10 000 000 excl; p.29
road-thlatlaganya-paving,2026-06,SDBIP 2026/27,2026/27,13500000,incl,,IUDG CWP_213 'commitments project'; ward 31; 1 km paved; p.30 (budget lists IUDG R5 500 000 excl + CRR R7 500 000 excl)
centre-segopje-mobile,2025-05,Q3 performance report 2024/25,,,not stated,Ablutions and electrical: 19%,Public ablution and electrical installations; contractor behind schedule; p.43
centre-segopje-mobile,2025-07,Q4 performance report 2024/25,,,not stated,Ablutions commissioned: 100%,Commissioning of public ablution facilities and testing of electrical installations; practical completion certificate; p.40
centre-segopje-mobile,2026-01,Annual report 2024/25,2024/25,2080998,excl,Year's budget spent: 94%,CRR; spent R2 393 148 incl against adjusted R2 541 512 incl; p.500
centre-segopje-mobile,2026-01,Mid-year report 2025/26,,,not stated,Benches and fence: 0% (done the year before),Benches and perimeter fence target: activities achieved in the previous year; p.60
water-sebayeng-diepriver,2026-01,Mid-year report 2025/26,,,not stated,Scoping: 50%,"Planning and design, CWP_39: scoping achieved; p.41"
prov-cdm-makgoba-biodigesters,2026-03,Capricorn DM Annual report 2024/25,,,not stated,,"CDM monitored biogas renewable energy projects in Makgoba, Avon and Indermark in 2024/25; p.58"
prov-ral-d844-mankweng-sebayeng,2026-04,RAL tender bulletin Jul 2025–Mar 2026,,12500000,not stated,Contractor appointed: Basia Ke Balobedu (Pty) Ltd,RAL/T1412/2025 maintenance of road D844 Mankweng to Sebayeng; Basia Ke Balobedu (Pty) Ltd; awarded 24.09.2025; p.4 #24
prov-ral-d844-mankweng-sebayeng,2026-04,RAL tender bulletin Jul 2025–Mar 2026,,1641591.35,not stated,Consultant appointed: Mgiba Consulting,RAL/C1412/2025 supervision; Mgiba Consulting; awarded 20.10.2025; p.6 #58
prov-lnw-ebenezer-bulk,2026-03,PMG committee meeting 10 Mar 2026,,,not stated,"Ebenezer 65%, Olifantspoort 85% (figures quoted by an MP)","Ms M Kobe (ActionSA) asked for updates on the 'Olifantspoort (85% completion) and Ebeneezer (65% completion)' ministerial projects; figures stated by the MP, not by LNW"
prov-lnw-ebenezer-bulk,2026-03,LNW annual report 2024/25 presentation,,,not stated,82% against plan (all LNW phase 1 work),"Chart 'Overall progress achieved against PEP' 82%, covering Olifantspoort and Ebenezer phase 1A electromechanical and pipeline works and other LNW projects; p.21"
prov-edu-maboyane-primary,2026-05,Final IDP 2026/31,,,not stated,,"Sector list row 29: start 2022-11-30, end 2027-03-31; printed p.1179 (PDF p.1180)"
prov-edu-ngwanalaka-secondary,2026-05,Final IDP 2026/31,,,not stated,,Not listed in the 2026/27 education sector list (around printed p.1179)
sanitation-sebayeng-dikgale-vip,2024-04,Final IDP 2024/25,2022/23,12650000,not stated,33%,"IUDG overview: 'Sebayeng Dikgale Rural Sanitation' IDP budget R12 650 000, appointed amount R37 950 000 (3 contractors), expenditure R6 419 613, 11-05-2023 to 11-09-2023; p.462"
sanitation-sebayeng-dikgale-vip,2025-03,Annual report 2023/24,,,not stated,,"3 contractors appointed in 2023/24 for 2160 VIPs in the Sebayeng Dikgale cluster; 744 completed in 2023/24; p.50. Contracts: -12 720 VIPs 77%, -16 727 VIPs 96%, -15 744 VIPs complete; pp.374-375"
sanitation-sebayeng-dikgale-vip,2026-01,Annual report 2024/25,,,not stated,Practical completion,PM38/2022-12 725 VIPs wards 24 and 32: practical completion Oct 2024; PM38/2022-16 727 VIPs wards 29 and 33: practical completion; contractors compiling beneficiary lists; pp.843-844
sanitation-sebayeng-dikgale-vip,2026-05,Final IDP 2026/31,,12650000,not stated,,"Water provision progress table: 'Sebayeng Dikgale Rural Sanitation (IUDG)', wards 30, 31, construction of 744 VIPs, 23 Apr 24, 37 jobs, 744 households; p.304"
road-matsiokwane-ngwanalaka,2025-03,SDBIP 2024/25 (revised),2024/25,869565,excl,,"IUDG original (R1 000 000 incl); adjusted R934 782 excl (R1 074 999 incl); CWP_39 detailed design; pp.9, 31"
road-matsiokwane-ngwanalaka,2025-05,Q3 performance report 2024/25,,,not stated,Detailed design: 100%,Detailed design achieved; p.26
road-matsiokwane-ngwanalaka,2025-07,Q4 performance report 2024/25,,,not stated,Contractor and site establishment: 20%,Allocation of a contractor and site establishment; p.29
road-matsiokwane-ngwanalaka,2026-01,Annual report 2024/25,2024/25,3000000,excl,Year's budget spent: 62%,"CRR special adjustments R3 450 000 incl; spent R1 863 687 excl (R2 143 240 incl); IUDG spent R1 014 041 incl (100%); pp.483, 485"
road-matsiokwane-ngwanalaka,2025-05,Original budget 2025/26 (Annexure A),2027/28,11130435,excl,,IUDG; R12 800 000 incl; p.106
road-matsiokwane-ngwanalaka,2026-02,Adjustments budget 2025/26 – adjusted,2025/26,6062764,excl,,"CRR 'SW Upgrading of Road from Matsiokwane Village to Ngwanalaka', new line (R6 972 179 incl); RAL projects table p.28"
road-matsiokwane-ngwanalaka,2026-07,Q4 performance report 2025/26,,,not stated,1.26 km road: 98%,"Completion of 1.26 km road not achieved due to slow progress; project practically completed, contractor busy with snag list; p.49 (scanned page)"
paving-madiga,2025-03,Annual report 2023/24,2023/24,4827022,not stated,Phase 1 complete: 100%,"Phase 1, CWP_66 'Paving of streets in Sebayeng/Dikgale Cluster (paving of internal street at Madiga) ward 29': construction of base and paving, completion certificate; p.434"
paving-madiga,2025-03,SDBIP 2024/25 (revised),2024/25,869565,excl,,IUDG original; adjusted R38 930 excl; CRR line R1 000 000 removed; p.8
paving-madiga,2025-05,Q3 performance report 2024/25,,,not stated,Phase 2 design: 100%,Phase 2 detailed design achieved; p.25
paving-madiga,2026-01,Annual report 2024/25,2024/25,38930,excl,Phase 2 design budget spent: 100%,IUDG; spent R44 770 incl; p.484
paving-madiga,2025-05,Final IDP 2025/26,,,not stated,,"Dikgale Traditional Council: 'Paving of Mokgopo completed, Madiga completed'; p.1275"
paving-madiga,2026-06,Final budget 2026/27 (Annexure A),2028/29,869565,excl,,IUDG; R1 000 000 incl; p.156
bridge-sencherere,2026-02,Adjustments budget 2025/26 – original,2025/26,0,excl,,CRR; not in original budget; p.22
bridge-sencherere,2026-02,Adjustments budget 2025/26 – adjusted,2025/26,680000,excl,,"CRR; new low-level bridge (Mankweng Sencherere), R782 000 incl; p.16, p.22"
bridge-sencherere,2026-07,Q4 performance report 2025/26,,,not stated,Bridge built: 100%,'Construction of low-level bridge in Mankweng Sencherere': target achieved; p.48 (scanned page)
prov-eskom-madiga-ext,2026-05,Capricorn DM IDP 2026/27,2027/28,750291,not stated,,"Eskom 2027/28 planned projects: LIM354_Polokwane 'Madiga Ext', planned capex 750 291, 102 connections; units not stated; p.504"
road-mamotintane-hospital,2026-06,Final budget 2026/27 (Annexure A),2026/27,869565,excl,,IUDG; R1 000 000 incl; p.165
road-mamotintane-hospital,2026-06,Final budget 2026/27 (Annexure A),2027/28,797101,excl,,"IUDG; R916 666 incl; p.165. Separate CRR line Completion of Mamotintane road R14 000 000 excl in 2027/28, p.155"
road-mamotintane-hospital,2026-06,SDBIP 2026/27,2026/27,1000000,incl,Planning,"IUDG CWP_210; ward 31; scoping, preliminary and detailed design; p.30"
road-mamotintane-hospital,2026-05,Final IDP 2026/31,2027/28,9000000,not stated,,Completion of 0.8 km road; 2026/27 R1 000 000; p.1028
bridge-thabang-ngaleng,2026-06,Final budget 2026/27 (Annexure A),2026/27,521739,excl,,IUDG 'Constructin of Low level Bridge Thabang Village near Ngaleng'; R600 000 incl; p.155
bridge-thabang-ngaleng,2026-06,SDBIP 2026/27,2026/27,600000,incl,,CRR CWP_191; ward 31; 100% by target date; p.29
waste-dikgale-transfer-ramp,2025-03,SDBIP 2024/25 (revised),2024/25,718758,excl,,"CRR CWP_175; R826 572 incl; ward 32; pp.16, 35"
waste-dikgale-transfer-ramp,2025-05,Q3 performance report 2024/25,,,not stated,Service provider appointed (stage 50%),Appointment of service provider achieved; p.40
waste-dikgale-transfer-ramp,2025-07,Q4 performance report 2024/25,,,not stated,Ramp built: 100%,Construction of the ramp; POE pictures; p.37
waste-dikgale-transfer-ramp,2026-01,Annual report 2024/25,2024/25,234450,excl,Year's budget spent: 33%,CRR; spent R269 618 incl against R826 572 incl; p.496
waste-makotopong-transfer-electrification,2025-05,Original budget 2025/26 (Annexure A),2026/27,600000,excl,,"CRR; R690 000 incl; p.103; SA36 coordinates -23.828385, 29.667414 (p.101)"
waste-makotopong-transfer-electrification,2026-02,Adjustments budget 2025/26 – adjusted,2026/27,600000,excl,,CRR outer year; p.25
waste-makotopong-transfer-electrification,2026-06,Final budget 2026/27 (Annexure A),2026/27,0,excl,,"Not in the final 2026/27 capital budget (transfer station lines are Mankweng, Ga-Maja, Ga-Chuene, Molepo and Mashashane only); p.161"
road-d3997-mokgopo-makalanyane,2024-04,Final IDP 2024/25,2024/25,825652,not stated,,IUDG 'RAL Upgrading of arterial road D3997 from GaMokgopo to Ga Ma[kalanyane]'; RAL roads table p.1156
road-d3997-mokgopo-makalanyane,2024-04,Final IDP 2024/25,2025/26,1376675,not stated,,IUDG; RAL roads table p.1156
road-d3997-mokgopo-makalanyane,2024-04,Final IDP 2024/25,2026/27,2608696,not stated,,IUDG; RAL roads table p.1156
road-d3997-mokgopo-makalanyane,2025-05,Final IDP 2025/26,,949500,not stated,Planning,"2024/25 project status table: R949 500, project still at planning stage (ward 33); p.549"
prov-dikgale-traditional-council-office,2022-10,CoGHSTA TODAY No.19 2022/23,,,not stated,Handed over,'Brand new Dikgale Traditional Council Office opens its doors'; handing over on Friday 07 October 2022 at Dikgale Royal Grounds; p.1
prov-dikgale-traditional-council-office,2025-03,DPWRI APP 2025/26,,,not stated,Complete,Department constructed ten traditional council offices; completed offices include Dikgale Traditional Council; PDF p.41
rws-sebayeng-dikgale,2025-03,Annual report 2023/24,2023/24,,not stated,Contractor appointed: Makeyise Trading and Projects,"Phase 10, PM38/2022; contract 19 Jan 2024 to 19 Jul 2024; value not stated; p.597"
rws-sebayeng-dikgale,2025-03,Annual report 2023/24,2023/24,,not stated,Consultant appointed: Nemorango Consulting Engineers,"Phase 10, PM38/2022; written 'Nemorango consulting engineers'; p.597"
sport-complex-sebayeng-dikgale,2025-03,Annual report 2023/24,2023/24,,not stated,Consultant appointed: Nemorango Consulting,Fence and borehole; ref TBC; p.611
paving-dikgale-moshate,2026-01,Annual report 2024/25,2024/25,,not stated,Contractor appointed: Mamayila Trading Enterprise / RM Mashaba Projects JV,PM53/2022; contract 24 Jul 2024 to 10 Jan 2025; value not stated; p.833
paving-dikgale-moshate,2025-03,Annual report 2023/24,2023/24,,not stated,Consultant appointed: T2-Tech Engineers,"Design stage, detailed design completed; p.559"
paving-solomondale-d3997,2025-03,Annual report 2023/24,2023/24,,not stated,Contractor appointed: Rural Blue Belt,Ref TBA; contract 29 Nov 2023 to 14 Jun 2024; value not stated; p.570
paving-solomondale-d3997,2025-03,Annual report 2023/24,2023/24,,not stated,Consultant appointed: Nemorango Consulting Engineers,Ref TBA; p.570
road-tshware-mamotshwa,2026-01,Annual report 2024/25,2023/24,,not stated,Contractor appointed: PJMJ Engineering & Plant Hire,"PM53/2022; contract 3 Jun 2024 to 25 Feb 2025; value not stated; p.832 (also 'PJMJ', Annual report 2023/24 p.569)"
road-tshware-mamotshwa,2026-01,Annual report 2024/25,2023/24,,not stated,Consultant appointed: Zakumi Consulting Engineers,PM53/2022; p.832 (also Annual report 2023/24 p.569)
road-sekoala-mehlakong,2026-01,Annual report 2024/25,2024/25,,not stated,Contractor appointed: Phoppe Maphori,PM53/2022; contract 19 Aug 2024 to 31 Mar 2025; value not stated; p.834
road-sekoala-mehlakong,2026-01,Annual report 2024/25,2024/25,,not stated,Consultant appointed: Sizeya Consulting Engineers,PM53/2022; p.834
road-titibe-makgoba,2026-01,Annual report 2024/25,2024/25,,not stated,Contractor appointed: Maloka Machaba Surfacing,PM53/2022; contract 24 Jul 2024 to 14 Feb 2025; value not stated; p.833
road-titibe-makgoba,2026-01,Annual report 2024/25,2024/25,,not stated,Consultant appointed: T2-Tech Engineers,PM53/2022; p.833 (design: Annual report 2023/24 p.565)
road-ga-makgoba-access,2026-01,Annual report 2024/25,2023/24,,not stated,Contractor appointed: Makeyise Trading and Projects,PM53/2022; contract 7 Dec 2023 to 30 Aug 2024; value not stated; p.830 (also Annual report 2023/24 p.562)
road-ga-makgoba-access,2026-01,Annual report 2024/25,2023/24,,not stated,Consultant appointed: Sebego Maloka and Viljoen Civil Engineers,PM53/2022; p.830; Annual report 2023/24 p.562 names 'SMV Civil Engineers'
paving-madiga,2025-03,Annual report 2023/24,2023/24,,not stated,Contractor appointed: Shabback Business Enterprise,Phase 1; PM53/2022; contract 23 Nov 2023 to 30 May 2024; value not stated; p.557
paving-madiga,2025-03,Annual report 2023/24,2023/24,,not stated,Consultant appointed: Muteo Consulting Engineers,Phase 1; PM53/2022; p.557
sanitation-sebayeng-dikgale-vip,2025-03,Annual report 2023/24,2022/23,,not stated,Contractor appointed: Saatchi,"PM38/2022-12 (printed 'PM38/2002-12'), 720 VIPs; start 12 May 2023; value not stated; p.606"
sanitation-sebayeng-dikgale-vip,2025-03,Annual report 2023/24,2022/23,,not stated,Contractor appointed: October Integrated,"PM38/2022-16 (printed 'PM38/2002-16'), 727 VIPs; start 12 May 2023; value not stated; p.606"
sanitation-sebayeng-dikgale-vip,2025-03,Annual report 2023/24,2022/23,,not stated,Contractor appointed: Todani,"PM38/2022-15 (printed 'PM38/2002-15'), 744 VIPs; start 12 May 2023; value not stated; p.607"
sanitation-sebayeng-dikgale-vip,2025-03,Annual report 2023/24,2022/23,,not stated,Consultant appointed: Mapco Projects and Development,All three PM38/2022 VIP contracts; pp.606-607
