id,name,short,sector,status,status_note,progress,due,data_issue,implementer,contractor,consultant,contract_note,level,ward,village,lat,lon,pin,note,sources
rws-sebayeng-dikgale,Sebayeng/Dikgale Regional Water Scheme,Sebayeng/Dikgale RWS,Water,in_progress,"Phase 10 reached practical completion (contract Jan to Sept 2024, Annual report 2024/25). The next phase was at 0% against a 35% target in June 2026; detailed design under way, construction expected to start in July to Sept 2026 (Q4 report 2025/26)",,2027-06,,Polokwane Municipality,Makeyise Trading and Projects,Nemarango Consulting Engineers,"Phase 10 (rollover): PM38/2022, contract 19 Jan 2024 to 18 Sept 2024, value not stated; contractor 'Makeyise Trading and Projects', consultant 'Nemorango consulting engineers' (Annual report 2023/24 p.597); AR 2024/25 writes the ref as '38/2022', contractor 'Makeyise Trading', consultant 'Nemarango Consulting Engineers' (p.838). Next phase: planning by Nemarango Consulting Engineers, contractor TBA (Annual report 2024/25 p.837). MSW states on its own website that it did design and construction monitoring of the scheme from 2011",municipal,32,Sebayeng and Dikgale villages,-23.7701551,29.698348,village,"Multi-phase bulk scheme running since 2011, supplying 30+ villages from the Ebenezer bulk line. Phase 10 targeted Sebayeng, Dikgale, Potse, Ntsima and Syferkuil (118 households, 34 jobs). Map pin marks Sebayeng; the scheme covers a wide area. The 64% figure (July 2024) was for phase 10 only and is no longer shown as the project's progress. The 2026/27 SDBIP plans 2 200 m of reticulation, 1 000 m of pumping main, 2 storage tanks, 2 equipped boreholes and 20 communal standpipes by June 2027.","Polokwane Adjustments Budget 2025/26 (Annexure A) | https://www.polokwane.gov.za/wp-content/uploads/LIM354-Adjustments-Budget_202526.pdf ; Polokwane Municipality: RWS Phase 10 progress update (2024) | https://www.polokwane.gov.za/reagapolokwane-sebayeng-dikgale-regional-water-supply-rws-phase-10-project-by-polokwane-municipality-has-reached-64-completion-and-is-on-schedule-to-be-finished-by-19-july-2024/ ; MSW: Sebayeng/Dikgale Regional Water Schemes | https://www.msw.za.com/water-and-sanitation-previous-project.php ; Polokwane budget documents (original, adjusted, draft and final MTREF) | https://www.polokwane.gov.za/budget/ ; Polokwane Annual report 2023/24 | https://www.polokwane.gov.za/wp-content/uploads/2025/04/2023-2024-Annual-Report-with-Attachments-March-2025.pdf ; Polokwane Annual report 2024/25 | https://www.polokwane.gov.za/wp-content/uploads/202425-ANNUAL-REPORT-WITH-ANNEXURES-PLK-MUNICIPALITY-INCLUDING-ENTITY.pdf ; Polokwane Q3 performance report 2024/25 | https://www.polokwane.gov.za/wp-content/uploads/2025/05/FINAL-THIRD-QUARTER-INSTITUTIONAL-PERFORMANCE-REPORT.pdf ; Polokwane Q4 performance report 2024/25 | https://www.polokwane.gov.za/wp-content/uploads/2025/08/FOURTH-QUARTER-INSTITUTIONAL-PERFORMANCE-REPORT-01-APRIL-2025-TO-30-JUNE-2025.pdf ; Polokwane Q4 performance report 2025/26 (scanned) | https://www.polokwane.gov.za/wp-content/uploads/FOURTH-QUARTER-INSTITUTIONAL-PERFORMANCE-REPORT-30-JULY-2026.pdf ; Polokwane SDBIP 2026/27 | https://www.polokwane.gov.za/wp-content/uploads/FINAL-2026-2027-SDBIP-25-JUNE-2026.pdf"
sport-complex-sebayeng-dikgale,Construction of Sebayeng/Dikgale Sport Complex,Sport complex,Sport,in_progress,"Under construction in phases: fence and borehole done (2024/25), ablution block and pitch grass done (June 2026); combi courts and athletics track planned for 2026/27 (SDBIP 2026/27)",,,,Polokwane Municipality,Malerate Construction,Nemorango Consulting Engineers,"Fence and borehole phase: ref TBC, value and dates not stated; contractor 'Malerate construction', consultant 'Nemorango consulting' (Annual report 2023/24 p.611); 'Malerate' and 'Nemorango consulting engineers' (Annual report 2024/25 p.844). No contractor named for the later ablution block, pitch or courts work",municipal,"24, 29 to 33",Sebayeng/Dikgale,,,,"Site not published. The IDP lists the project for the whole cluster (wards 24, 29, 30, 31, 32 and 33) with no GPS point. The budget's coordinates (-23.891, 29.382) are west of Polokwane city, outside the cluster, so they are an error. The 2026/31 draft IDP still lists it, with R5.4m and R5m in later years. A contractor was appointed in 2023/24 (Annual report 2023/24 p.450); the 2025 budget remark that no contractor was appointed is out of date. The 2024/25 performance reports tag the project to ward 24 and the A-schedule to ward 33.","Polokwane Adjustments Budget 2025/26 (Annexure A) | https://www.polokwane.gov.za/wp-content/uploads/LIM354-Adjustments-Budget_202526.pdf ; Polokwane 2025/26 Draft IDP, projects phase | https://www.polokwane.gov.za/wp-content/uploads/2025/03/2025-2026-Draft-IDP-Projects-Phase-for-inputs-and-Comments-IDP-REP-FORUM.pdf ; Polokwane 2026/31 Draft 5-year IDP | https://www.polokwane.gov.za/wp-content/uploads/2026-31-Draft-5-year-IDP-26-March-2026.pdf ; Polokwane budget documents (original, adjusted, draft and final MTREF) | https://www.polokwane.gov.za/budget/ ; Polokwane Annual report 2023/24 | https://www.polokwane.gov.za/wp-content/uploads/2025/04/2023-2024-Annual-Report-with-Attachments-March-2025.pdf ; Polokwane Annual report 2024/25 | https://www.polokwane.gov.za/wp-content/uploads/202425-ANNUAL-REPORT-WITH-ANNEXURES-PLK-MUNICIPALITY-INCLUDING-ENTITY.pdf ; Polokwane Q3 performance report 2024/25 | https://www.polokwane.gov.za/wp-content/uploads/2025/05/FINAL-THIRD-QUARTER-INSTITUTIONAL-PERFORMANCE-REPORT.pdf ; Polokwane Q4 performance report 2024/25 | https://www.polokwane.gov.za/wp-content/uploads/2025/08/FOURTH-QUARTER-INSTITUTIONAL-PERFORMANCE-REPORT-01-APRIL-2025-TO-30-JUNE-2025.pdf ; Polokwane Mid-year report 2025/26 | https://www.polokwane.gov.za/wp-content/uploads/POLOKWANE-MUNICIPALITY-MID-YEAR-BUDGET-AND-PERFORMANCE-ASSESSMENT-REPORT-2025-26-29-JAN-2026.pdf ; Polokwane Q4 performance report 2025/26 (scanned) | https://www.polokwane.gov.za/wp-content/uploads/FOURTH-QUARTER-INSTITUTIONAL-PERFORMANCE-REPORT-30-JULY-2026.pdf ; Polokwane SDBIP 2026/27 | https://www.polokwane.gov.za/wp-content/uploads/FINAL-2026-2027-SDBIP-25-JUNE-2026.pdf"
paving-dikgale-moshate,Paving of internal street in Ga-Dikgale Moshate,Moshate paving,Roads,deferred,Budget removed in Feb 2026 adjustments. Work stood at 60% in June 2025 after a cash-flow stoppage; outstanding invoices were paid in 2025/26 (mid-year report). No completion reported,,,,Polokwane Municipality,Mamayila Trading Enterprise / RM Mashaba Projects JV,T2-Tech Engineers,"PM53/2022 (panel ref), 0.6 km paving, contract 24 Jul 2024 to 10 Jan 2025, value not stated (Annual report 2024/25 p.833); design by T2-Tech Engineers (Annual report 2023/24 p.559)",municipal,29,Ga-Dikgale,-23.7620556,29.7897222,site,"Pin uses the coordinates the municipality gives for this project in the budget's capital project table (SA36, ward 29). The table drops the minus sign on the latitude. Esri's 'Ga-Dikgale' point is 0.6 km away. The exact street is not confirmed.","Polokwane Adjustments Budget 2025/26 (Annexure A) | https://www.polokwane.gov.za/wp-content/uploads/LIM354-Adjustments-Budget_202526.pdf ; Polokwane budget documents (original, adjusted, draft and final MTREF) | https://www.polokwane.gov.za/budget/ ; Polokwane SDBIP 2024/25 (revised Mar 2025) | https://www.polokwane.gov.za/wp-content/uploads/2025/04/SDBIP-2024-2025-REVISED-1-March-2025.pdf ; Polokwane Q3 performance report 2024/25 | https://www.polokwane.gov.za/wp-content/uploads/2025/05/FINAL-THIRD-QUARTER-INSTITUTIONAL-PERFORMANCE-REPORT.pdf ; Polokwane Q4 performance report 2024/25 | https://www.polokwane.gov.za/wp-content/uploads/2025/08/FOURTH-QUARTER-INSTITUTIONAL-PERFORMANCE-REPORT-01-APRIL-2025-TO-30-JUNE-2025.pdf ; Polokwane Annual report 2024/25 | https://www.polokwane.gov.za/wp-content/uploads/202425-ANNUAL-REPORT-WITH-ANNEXURES-PLK-MUNICIPALITY-INCLUDING-ENTITY.pdf ; Polokwane Mid-year report 2025/26 | https://www.polokwane.gov.za/wp-content/uploads/POLOKWANE-MUNICIPALITY-MID-YEAR-BUDGET-AND-PERFORMANCE-ASSESSMENT-REPORT-2025-26-29-JAN-2026.pdf"
paving-solomondale-d3997,Paving of internal street from Solomondale to D3997,Solomondale paving,Roads,deferred,"Budget removed in Feb 2026 adjustments. R8.5m was spent in 2024/25 (98% of budget) and outstanding invoices were paid in 2025/26; no completion certificate found, so not marked complete",,,,Polokwane Municipality,Rural Blue Belt,Nemorango Consulting Engineers,"Ref TBA, contract 29 Nov 2023 to 14 Jun 2024, value not stated; consultant written 'Nemorango consulting engineers' (Annual report 2023/24 p.570)",municipal,32,Solomondale,-23.76194,29.67167,village,"Pin marks Solomondale (the old Solomondale railway station point in OpenStreetMap), not the street. The budget's capital project table (SA36, 2025/26 and 2026/27) gives 23.7746, 29.6988 for this project (minus sign dropped on the latitude), which also falls in ward 32.","Polokwane Adjustments Budget 2025/26 (Annexure A) | https://www.polokwane.gov.za/wp-content/uploads/LIM354-Adjustments-Budget_202526.pdf ; Polokwane budget documents (original, adjusted, draft and final MTREF) | https://www.polokwane.gov.za/budget/ ; Polokwane Annual report 2023/24 | https://www.polokwane.gov.za/wp-content/uploads/2025/04/2023-2024-Annual-Report-with-Attachments-March-2025.pdf ; Polokwane SDBIP 2024/25 (revised Mar 2025) | https://www.polokwane.gov.za/wp-content/uploads/2025/04/SDBIP-2024-2025-REVISED-1-March-2025.pdf ; Polokwane Annual report 2024/25 | https://www.polokwane.gov.za/wp-content/uploads/202425-ANNUAL-REPORT-WITH-ANNEXURES-PLK-MUNICIPALITY-INCLUDING-ENTITY.pdf ; Polokwane Mid-year report 2025/26 | https://www.polokwane.gov.za/wp-content/uploads/POLOKWANE-MUNICIPALITY-MID-YEAR-BUDGET-AND-PERFORMANCE-ASSESSMENT-REPORT-2025-26-29-JAN-2026.pdf"
road-tshware-mamotshwa,Upgrading of arterial road in Tshware from taxi rank via Tshware village to Mamotshwa clinic,Tshware road,Roads,complete,"Contract works complete: stormwater (Q3 2024/25) and layer works (Q4 2024/25) at 100%, each with a completion certificate. The year's target was surfacing 1.36 km; the reports do not say the surfacing was done. R0.87m planned for 2028/29",100%,,,Polokwane Municipality,PJMJ Engineering & Plant Hire,Zakumi Consulting Engineers,"PM53/2022 (panel ref), 1.36 km gravel to tar, contract 3 Jun 2024 to 25 Feb 2025, value not stated (Annual report 2024/25 p.832); contractor written 'PJMJ' in Annual report 2023/24 p.569",municipal,30,Tshware / Ga-Makgaba,-23.8516719,29.8061646,site,"Pin is at Mamotshwa clinic, the road's end point.","Polokwane Adjustments Budget 2025/26 (Annexure A) | https://www.polokwane.gov.za/wp-content/uploads/LIM354-Adjustments-Budget_202526.pdf ; Polokwane budget documents (original, adjusted, draft and final MTREF) | https://www.polokwane.gov.za/budget/ ; Polokwane Q3 performance report 2024/25 | https://www.polokwane.gov.za/wp-content/uploads/2025/05/FINAL-THIRD-QUARTER-INSTITUTIONAL-PERFORMANCE-REPORT.pdf ; Polokwane Q4 performance report 2024/25 | https://www.polokwane.gov.za/wp-content/uploads/2025/08/FOURTH-QUARTER-INSTITUTIONAL-PERFORMANCE-REPORT-01-APRIL-2025-TO-30-JUNE-2025.pdf ; Polokwane Annual report 2023/24 | https://www.polokwane.gov.za/wp-content/uploads/2025/04/2023-2024-Annual-Report-with-Attachments-March-2025.pdf ; Polokwane Mid-year report 2025/26 | https://www.polokwane.gov.za/wp-content/uploads/POLOKWANE-MUNICIPALITY-MID-YEAR-BUDGET-AND-PERFORMANCE-ASSESSMENT-REPORT-2025-26-29-JAN-2026.pdf"
road-sekoala-mehlakong,Paving of Sekoala Primary School road to Mehlakong,Sekoala road,Roads,complete,"Complete: 1.2 km paved, practical and completion certificates, June 2026 (Q4 report 2025/26)",100%,,,Polokwane Municipality (RAL roads list),Phoppe Maphori,Sizeya Consulting Engineers,"PM53/2022 (panel ref), 1.2 km gravel to tar, contract 19 Aug 2024 to 31 Mar 2025, value not stated (Annual report 2024/25 p.834)",municipal,29,Mehlakong,-23.79912,29.82464,village,Pin marks the centre of Mehlakong village (Census 2011 boundary). The road's exact route is not confirmed.,"Polokwane Adjustments Budget 2025/26 (Annexure A) | https://www.polokwane.gov.za/wp-content/uploads/LIM354-Adjustments-Budget_202526.pdf ; Census 2011 village boundary (Adrian Frith) | https://census2011.adrianfrith.com/place/974032 ; Polokwane budget documents (original, adjusted, draft and final MTREF) | https://www.polokwane.gov.za/budget/ ; Polokwane Q3 performance report 2024/25 | https://www.polokwane.gov.za/wp-content/uploads/2025/05/FINAL-THIRD-QUARTER-INSTITUTIONAL-PERFORMANCE-REPORT.pdf ; Polokwane Q1 performance report 2025/26 | https://www.polokwane.gov.za/wp-content/uploads/FIRST-QUARTER-INSTITUTIONAL-PERFORMANCE-REPORT-2025-2026-OCTOBER-2025.pdf ; Polokwane Mid-year report 2025/26 | https://www.polokwane.gov.za/wp-content/uploads/POLOKWANE-MUNICIPALITY-MID-YEAR-BUDGET-AND-PERFORMANCE-ASSESSMENT-REPORT-2025-26-29-JAN-2026.pdf ; Polokwane Q4 performance report 2025/26 (scanned) | https://www.polokwane.gov.za/wp-content/uploads/FOURTH-QUARTER-INSTITUTIONAL-PERFORMANCE-REPORT-30-JULY-2026.pdf"
road-titibe-makgoba,Upgrading of road from Titibe to Marobala and Makgoba,Titibe–Marobala–Makgoba road,Roads,in_progress,"98%, June 2026: practically complete but the contractor must redo the V-drain (poor workmanship) and is on penalties (Q4 report 2025/26)",98%,,"The May 2025 budget gave R9,452,567 for 2025/26, but the adjustments budget lists the original as R10,564,322.",Polokwane Municipality (RAL roads list),Maloka Machaba Surfacing,T2-Tech Engineers,"PM53/2022 (panel ref), 1.5 km road, contract 24 Jul 2024 to 14 Feb 2025, value not stated (Annual report 2024/25 p.833); T2-Tech Engineers also did the design (Annual report 2023/24 p.565)",municipal,33,"Titibe, Marobala and Ga-Makgoba",-23.7204268,29.7917217,village,"Pin marks Titibe village, not the project site.","Polokwane Adjustments Budget 2025/26 (Annexure A) | https://www.polokwane.gov.za/wp-content/uploads/LIM354-Adjustments-Budget_202526.pdf ; Polokwane budget documents (original, adjusted, draft and final MTREF) | https://www.polokwane.gov.za/budget/ ; Polokwane Annual report 2023/24 | https://www.polokwane.gov.za/wp-content/uploads/2025/04/2023-2024-Annual-Report-with-Attachments-March-2025.pdf ; Polokwane Q3 performance report 2024/25 | https://www.polokwane.gov.za/wp-content/uploads/2025/05/FINAL-THIRD-QUARTER-INSTITUTIONAL-PERFORMANCE-REPORT.pdf ; Polokwane Mid-year report 2025/26 | https://www.polokwane.gov.za/wp-content/uploads/POLOKWANE-MUNICIPALITY-MID-YEAR-BUDGET-AND-PERFORMANCE-ASSESSMENT-REPORT-2025-26-29-JAN-2026.pdf ; Polokwane notice: Titibe road progress update (Dec 2025) | https://www.polokwane.gov.za/public-notice-upgrading-of-road-from-titibe-to-marobala-and-makgoba-progress-update/ ; Polokwane Q4 performance report 2025/26 (scanned) | https://www.polokwane.gov.za/wp-content/uploads/FOURTH-QUARTER-INSTITUTIONAL-PERFORMANCE-REPORT-30-JULY-2026.pdf"
bridge-titibe-mogabane,Construction of low-level bridge linking Titibe and Mogabane,Titibe bridge,Bridges,complete,"Complete: bridge built, payment and completion certificate, June 2026 (Q4 report 2025/26)",100%,,,Polokwane Municipality,,,,municipal,33,Titibe,-23.7204268,29.7917217,village,"Pin marks Titibe village, not the project site.","Polokwane Adjustments Budget 2025/26 (Annexure A) | https://www.polokwane.gov.za/wp-content/uploads/LIM354-Adjustments-Budget_202526.pdf ; Polokwane budget documents (original, adjusted, draft and final MTREF) | https://www.polokwane.gov.za/budget/ ; Polokwane Q4 performance report 2025/26 (scanned) | https://www.polokwane.gov.za/wp-content/uploads/FOURTH-QUARTER-INSTITUTIONAL-PERFORMANCE-REPORT-30-JULY-2026.pdf"
housing-ntsima,House built and handed over at Ntsima village,Ntsima house,Housing,complete,Handed over 20 December 2024,,,,Limpopo CoGHSTA with Polokwane Municipality,,,,provincial,30,"Ntsima, Ga-Dikgale",-23.82708,29.73264,village,"Delivered after a petition to the provincial legislature's Petitions Committee. Pin marks the centre of Ntsima village (Census 2011 boundary), not the house itself.",Capricorn District Municipality: Ntsima house handover | https://www.cdm.org.za/?p=18033 ; Census 2011 village boundary (Adrian Frith) | https://census2011.adrianfrith.com/place/974059
bridge-ga-mailula,Construction of low-level bridge in Ga-Mailula,Ga-Mailula bridge,Bridges,complete,"Complete: bridge built, payment and completion certificate, June 2026 (Q4 report 2025/26)",100%,,,Polokwane Municipality,,,,municipal,30,Ga-Mailula,-23.82043,29.839584,site,Pin is from the coordinates in the budget's capital project table (SA36).,"Polokwane Adjustments Budget 2025/26 (Annexure A) | https://www.polokwane.gov.za/wp-content/uploads/LIM354-Adjustments-Budget_202526.pdf ; Polokwane budget documents (original, adjusted, draft and final MTREF) | https://www.polokwane.gov.za/budget/ ; Polokwane Q4 performance report 2025/26 (scanned) | https://www.polokwane.gov.za/wp-content/uploads/FOURTH-QUARTER-INSTITUTIONAL-PERFORMANCE-REPORT-30-JULY-2026.pdf"
water-sebayeng-diepriver,Polokwane Bulk Water Supply (Sebayeng Diepriver wellfields),Diepriver wellfields,Water,funded,Planning: scoping report done by Dec 2025 (mid-year report 2025/26); construction money (RBIG) dropped from the 2026/27 budget,,,,Polokwane Municipality,,,,municipal,32,Sebayeng (Diepriver),,,,"Bulk water supply to Polokwane from boreholes at Diepriver near Sebayeng. The draft IDP 2025/26 (p.41) describes equipping boreholes and building bulk pumping mains, with a rising main from Sebayeng to Mankweng; the Final IDP 2026/31 (p.293) says land acquisition and the water use licence were still pending. The budget gives the city office coordinates, and no document or OpenStreetMap feature shows where the wellfield is, so it has no pin.","Polokwane Adjustments Budget 2025/26 (Annexure A) | https://www.polokwane.gov.za/wp-content/uploads/LIM354-Adjustments-Budget_202526.pdf ; Polokwane budget documents (original, adjusted, draft and final MTREF) | https://www.polokwane.gov.za/budget/ ; Polokwane Final IDP 2026/31 | https://www.polokwane.gov.za/wp-content/uploads/2026-31-Final-IDP-28-May-2026-V.pdf ; Polokwane Mid-year report 2025/26 | https://www.polokwane.gov.za/wp-content/uploads/POLOKWANE-MUNICIPALITY-MID-YEAR-BUDGET-AND-PERFORMANCE-ASSESSMENT-REPORT-2025-26-29-JAN-2026.pdf"
road-ga-makgoba-access,Upgrading of access road in Ga-Makgoba,Ga-Makgoba road,Roads,complete,"Complete: 2.2 km surfaced, completion certificate, June 2025 (Q4 report 2024/25)",100%,,"The May 2025 budget gave R2,285,337 for 2025/26, but the adjustments budget lists the original as R285,337, apparently missing a leading 2. The R142k cut is measured against the smaller figure.",Polokwane Municipality (RAL roads list),Makeyise Trading and Projects,Sebego Maloka and Viljoen Civil Engineers,"PM53/2022 (panel ref), 2.3 km road, contract 7 Dec 2023 to 30 Aug 2024, value not stated (Annual report 2024/25 p.830); Annual report 2023/24 p.562 gives the ref as TBA and the consultant as 'SMV Civil Engineers'",municipal,33,Ga-Makgoba,-23.73037,29.81062,village,"Pin marks Ga-Makgoba village (next to Ga-Dikgale) at Mamphoku school (EMIS: ward 33), not the road itself. A second Ga-Makgoba lies near Tshware in ward 30; the RAL list does not say which, but the Titibe road also ends at this one.","Polokwane Adjustments Budget 2025/26 (Annexure A) | https://www.polokwane.gov.za/wp-content/uploads/LIM354-Adjustments-Budget_202526.pdf ; DBE EMIS school masterlist 2025 (school GPS and ward) | https://www.education.gov.za/Programmes/EMIS/EMISDownloads.aspx ; Polokwane budget documents (original, adjusted, draft and final MTREF) | https://www.polokwane.gov.za/budget/ ; Polokwane Q3 performance report 2024/25 | https://www.polokwane.gov.za/wp-content/uploads/2025/05/FINAL-THIRD-QUARTER-INSTITUTIONAL-PERFORMANCE-REPORT.pdf ; Polokwane Q4 performance report 2024/25 | https://www.polokwane.gov.za/wp-content/uploads/2025/08/FOURTH-QUARTER-INSTITUTIONAL-PERFORMANCE-REPORT-01-APRIL-2025-TO-30-JUNE-2025.pdf ; Polokwane Annual report 2023/24 | https://www.polokwane.gov.za/wp-content/uploads/2025/04/2023-2024-Annual-Report-with-Attachments-March-2025.pdf ; Polokwane Mid-year report 2025/26 | https://www.polokwane.gov.za/wp-content/uploads/POLOKWANE-MUNICIPALITY-MID-YEAR-BUDGET-AND-PERFORMANCE-ASSESSMENT-REPORT-2025-26-29-JAN-2026.pdf"
bridge-segopye-mahlohlo,Construction of low-level bridge linking Segopye and Mahlohlo,Segopye bridge,Bridges,funded,Added in Feb 2026 adjustments,,,,Polokwane Municipality,,,,municipal,29,Segopye,-23.79687,29.82090,village,"Pin marks Segopje village at Maribe school (EMIS: ward 29, village 'Segopje'), not the project site. The budget cuts the name off at 'Mahlohl', so the second village name may differ.","Polokwane Adjustments Budget 2025/26 (Annexure A) | https://www.polokwane.gov.za/wp-content/uploads/LIM354-Adjustments-Budget_202526.pdf ; DBE EMIS school masterlist 2025 (school GPS and ward) | https://www.education.gov.za/Programmes/EMIS/EMISDownloads.aspx ; Polokwane budget documents (original, adjusted, draft and final MTREF) | https://www.polokwane.gov.za/budget/"
centre-segopje-mobile,Construction of Segopje Mobile Service Centre,Segopje service centre,Community services,funded,Public ablutions reached practical completion in June 2025 (Q4 report 2024/25); the 2026/31 IDP describes the centre as established,,,,Polokwane Municipality,,,,municipal,29,Segopje,-23.79687,29.82090,village,"Pin marks Segopje village at Maribe school (EMIS: ward 29, village 'Segopje'), not the project site.","Polokwane Adjustments Budget 2025/26 (Annexure A) | https://www.polokwane.gov.za/wp-content/uploads/LIM354-Adjustments-Budget_202526.pdf ; DBE EMIS school masterlist 2025 (school GPS and ward) | https://www.education.gov.za/Programmes/EMIS/EMISDownloads.aspx ; Polokwane budget documents (original, adjusted, draft and final MTREF) | https://www.polokwane.gov.za/budget/ ; Polokwane Q3 performance report 2024/25 | https://www.polokwane.gov.za/wp-content/uploads/2025/05/FINAL-THIRD-QUARTER-INSTITUTIONAL-PERFORMANCE-REPORT.pdf ; Polokwane Q4 performance report 2024/25 | https://www.polokwane.gov.za/wp-content/uploads/2025/08/FOURTH-QUARTER-INSTITUTIONAL-PERFORMANCE-REPORT-01-APRIL-2025-TO-30-JUNE-2025.pdf ; Polokwane Annual report 2024/25 | https://www.polokwane.gov.za/wp-content/uploads/202425-ANNUAL-REPORT-WITH-ANNEXURES-PLK-MUNICIPALITY-INCLUDING-ENTITY.pdf ; Polokwane Mid-year report 2025/26 | https://www.polokwane.gov.za/wp-content/uploads/POLOKWANE-MUNICIPALITY-MID-YEAR-BUDGET-AND-PERFORMANCE-ASSESSMENT-REPORT-2025-26-29-JAN-2026.pdf"
library-dikgale,Construction of library facility for Dikgale,Dikgale library,Community services,deferred,"Listed in the 2024/25 and draft 2025/26 plans, then missing from every later budget",,,,Polokwane Municipality,,,,municipal,32,Dikgale,,,,"Listed in the draft IDP projects phase. Site not published. 'Dikgale' covers villages in wards 29, 32 and 33, so there is no single village to pin.","Polokwane 2025/26 Draft IDP, projects phase | https://www.polokwane.gov.za/wp-content/uploads/2025/03/2025-2026-Draft-IDP-Projects-Phase-for-inputs-and-Comments-IDP-REP-FORUM.pdf ; Polokwane budget documents (original, adjusted, draft and final MTREF) | https://www.polokwane.gov.za/budget/"
prov-ral-d844-mankweng-sebayeng,RAL/T1134 Preventative maintenance of road D844 from Mankweng to Sebayeng,D844 maintenance,Roads,in_progress,"Contractor appointed Sept 2025 (RAL/T1412/2025, R12.5m); no progress figure reported since",,,,Roads Agency Limpopo,Basia Ke Balobedu (Pty) Ltd,Mgiba Consulting,"RAL/T1412/2025 maintenance of road D844 Mankweng to Sebayeng, awarded 24 Sep 2025, R12 500 000.00, VAT not stated (p.4 #24); RAL/C1412/2025 supervision, awarded 20 Oct 2025, R1 641 591,35, VAT not stated (p.6 #58) (RAL publication of bids Jul 2025 to Mar 2026)",provincial,25 to 32,Mankweng to Sebayeng,-23.824172,29.719139,route,"Provincial project. Total cost R24.6m, R7.3m spent in earlier years (EPRE). The RAL plan gives different yearly figures: R6.43m in 2026/27 and R22.53m in 2027/28. Drawn as a line along road D844 in OpenStreetMap, from D617 in Mankweng to the D3997 junction in Sebayeng; the pin is the line's midpoint. The EPRE point (-23.8809, 29.7259) is at the Mankweng end, about 1.8 km off the road. The ward list is the wards the road runs through or along. Contracts: RAL/T1412/2025 maintenance of road D844 Mankweng to Sebayeng, Basia Ke Balobedu (Pty) Ltd, awarded 24 Sept 2025, R12 500 000.00; RAL/C1412/2025 supervision, Mgiba Consulting, awarded 20 Oct 2025, R1 641 591.35 (RAL tender bulletin pp.4, 6). The earlier 3% was the design-stage figure.","Limpopo EPRE 2025/26, Table B5 | https://www.limtreasury.gov.za/lim_admin_trea/pages/sites/treasury_lim/documents/budget_statement/Limpopo%20Estimates%20of%20Provincial%20Revenue%20and%20Expenditure%202025-26.PDF ; RAL Annual Performance Plan 2025/26 | https://www.ral.co.za/wp-content/uploads/2025/08/RAL-Annual-Performance-Plan-2025-2026.pdf ; Polokwane IDP 2025/26, sector department projects | http://www.polokwane.gov.za/wp-content/uploads/2025/06/LIM354-Intergrated-Development-Plan-2025_2026.pdf ; OpenStreetMap (road geometry) | https://www.openstreetmap.org/ ; RAL Publication of Bids, Jul 2025 to Mar 2026 | https://www.ral.co.za/wp-content/uploads/2026/04/Publication-of-Bids-on-Tender-Bulletin-March-2026.pdf"
prov-ral-d3997-sebayeng-gamoswedi,RAL/T1009B Preventative maintenance of road D3997 from Sebayeng (D844) to Ga-Moswedi (D617),D3997 maintenance,Roads,complete,Final completion 100% (IDP 2025/26),100%,,,Roads Agency Limpopo,,,,provincial,"29, 30, 32, 33","Sebayeng, Solomondale, Ga-Dikgale",-23.770213,29.792385,route,"Provincial project. Total cost R24.4m; R28.6m spent (IDP 2025/26). No coordinates published. Drawn as a line along road D3997 in OpenStreetMap, from D844 at Sebayeng to D617, as the project names; the pin is the midpoint of that line. The ward list is the wards the road crosses.","Polokwane IDP 2025/26, sector department projects | http://www.polokwane.gov.za/wp-content/uploads/2025/06/LIM354-Intergrated-Development-Plan-2025_2026.pdf ; RAL Mmileng issue 4 of 2022 | https://www.ral.co.za/wp-content/uploads/2025/08/Mmileng-issue-4-of-2022.pdf ; OpenStreetMap (road geometry) | https://www.openstreetmap.org/"
prov-ral-d3959-dikgale-regravel,RAL/T1344 Regravelling of road D3959 in Ga-Dikgale,D3959 regravelling,Roads,complete,Final completion 100% (IDP 2025/26),100%,,,Roads Agency Limpopo,,,,provincial,32,Ga-Dikgale,-23.773605,29.738969,route,"Provincial project. Total cost R9.0m; R8.86m spent (IDP 2025/26). No coordinates published. Drawn as a line along road D3959 in OpenStreetMap (D3997 near Sebayeng to D4019, past Mantheding); the IDP lists the Sebayeng-Mantheding-Ga-Dikgale road as D3959-D3997 (p.641). Which section was regravelled is not stated, so the whole mapped road is drawn. The pin is its midpoint; the ward is the ward the road lies in.","Polokwane IDP 2025/26, sector department projects | http://www.polokwane.gov.za/wp-content/uploads/2025/06/LIM354-Intergrated-Development-Plan-2025_2026.pdf ; OpenStreetMap (road geometry) | https://www.openstreetmap.org/"
prov-ral-d3339-makotopong-mothiba,"RAL/T1145 Preventative maintenance of roads D3339, D3989 and D3959 from Makotopong to Ga-Mothiba",Makotopong–Mothiba roads,Roads,deferred,"On hold at 0% (IDP 2025/26); design stage, money only in 2026/27",0%,,The EPRE gives a total cost of R4.5m but budgets R7.3m for 2026/27 alone (the RAL plan says R6.43m).,Roads Agency Limpopo,,,,provincial,24,"Makotopong, Ga-Mothiba",-23.849521,29.64171,route,"Provincial project. The EPRE gives a total cost of R4.5m but puts R7.3m in 2026/27 (the RAL plan says R6.43m), so the figures conflict. Drawn as a line along roads D3339 and D3989 in OpenStreetMap, from Makotopong to Ga-Mothiba; the D3959 part is not drawn because the only D3959 in OpenStreetMap is near Sebayeng, 8 km away. The pin is the line's midpoint; the EPRE point is -23.8059, 29.6359.","Limpopo EPRE 2025/26, Table B5 | https://www.limtreasury.gov.za/lim_admin_trea/pages/sites/treasury_lim/documents/budget_statement/Limpopo%20Estimates%20of%20Provincial%20Revenue%20and%20Expenditure%202025-26.PDF ; RAL Annual Performance Plan 2025/26 | https://www.ral.co.za/wp-content/uploads/2025/08/RAL-Annual-Performance-Plan-2025-2026.pdf ; Polokwane IDP 2025/26, sector department projects | http://www.polokwane.gov.za/wp-content/uploads/2025/06/LIM354-Intergrated-Development-Plan-2025_2026.pdf ; OpenStreetMap (road geometry) | https://www.openstreetmap.org/"
prov-edu-maboyane-primary,Maboyane Primary School upgrading and additions,Maboyane Primary,Education,in_progress,Practical completion 97%; R5m more budgeted for 2026/27,97%,2027-03,"The 2026/27 allocation (R5m) is larger than the stated total project cost (R3.75m, with R327k spent).",Limpopo Department of Education,,,,provincial,33,Ga-Dikgale,-23.7473622,29.7823285,site,"Provincial project, Education Infrastructure Grant. Total cost R3.75m; R327k spent. Pin and ward are from the national school register (EMIS 923240303).","Limpopo EPRE 2025/26, Table B5 | https://www.limtreasury.gov.za/lim_admin_trea/pages/sites/treasury_lim/documents/budget_statement/Limpopo%20Estimates%20of%20Provincial%20Revenue%20and%20Expenditure%202025-26.PDF ; Polokwane IDP 2025/26, sector department projects | http://www.polokwane.gov.za/wp-content/uploads/2025/06/LIM354-Intergrated-Development-Plan-2025_2026.pdf ; Capricorn DM IDP 2026/27 | https://www.cdm.org.za/wp-content/uploads/2026/06/Final-Draft-202627-IDP-and-budget-21-May-2026-Council.pdf ; DBE EMIS school masterlist (Limpopo) | https://www.education.gov.za/Programmes/EMIS/EMISDownloads.aspx"
prov-edu-ngwanalaka-secondary,Ngwanalaka Secondary School infrastructure project,Ngwanalaka Secondary,Education,in_progress,Practical completion 97%,97%,,The IDP gives a total cost of R291k but R14.4m spent. One of the figures is wrong at the source.,Limpopo Department of Education,,,,provincial,24,Ga-Mothiba (Ngwanalaka),-23.8759800,29.6520958,site,"Provincial project, Education Infrastructure Grant. The type of work is not stated. The IDP gives a total cost of R291k but R14.4m spent, so the figures conflict. Pin is from the school register (EMIS 923241108). The EPRE 2025/26 gives an end date of 31 March 2026 (Stage 6: handover). The school is not in the 2026/27 education list in the Final IDP 2026/31, and no completion statement was found.","Limpopo EPRE 2025/26, Table B5 | https://www.limtreasury.gov.za/lim_admin_trea/pages/sites/treasury_lim/documents/budget_statement/Limpopo%20Estimates%20of%20Provincial%20Revenue%20and%20Expenditure%202025-26.PDF ; Polokwane IDP 2025/26, sector department projects | http://www.polokwane.gov.za/wp-content/uploads/2025/06/LIM354-Intergrated-Development-Plan-2025_2026.pdf ; DBE EMIS school masterlist (Limpopo) | https://www.education.gov.za/Programmes/EMIS/EMISDownloads.aspx"
prov-lnw-ebenezer-bulk,Olifantspoort/Ebenezer bulk water supply scheme refurbishment (phase 1),Ebenezer bulk water,Water,in_progress,March 2026: an MP put Olifantspoort at 85% and Ebenezer at 65% complete when questioning LNW in Parliament; LNW reported 82% overall progress against plan for its capital projects (2024/25 annual report presentation),,,"Cost estimates differ: R889m (parliamentary reply, Nov 2024) against R7.6bn for phase 1A (CDM IDP 2026/27, all phases R23.2bn).",Lepelle Northern Water (for the national Department of Water and Sanitation),,,,national,,"Sebayeng, Ga-Dikgale (bulk supply)",,,,"National project. Ebenezer is the source for the municipal Sebayeng/Dikgale water scheme. Phase 1 restores 60 Ml/day. Estimated cost R889m (PMG reply, Nov 2024), funded from the Budget Facility for Infrastructure. The scheme serves a much wider area than this cluster, and its works are outside the cluster, so it has no pin.","Polokwane IDP 2025/26, sector department projects | http://www.polokwane.gov.za/wp-content/uploads/2025/06/LIM354-Intergrated-Development-Plan-2025_2026.pdf ; PMG written reply NO489 (Nov 2024) | https://pmg.org.za/committee-question/27073/ ; PMG: Water and Sanitation Committee, 10 Mar 2026 (LNW annual report) | https://pmg.org.za/committee-meeting/42550/ ; Lepelle Northern Water annual report 2024/25 presentation (Mar 2026) | https://pmg.org.za/files/260310updated_Lepelle_NW_Integrated_Annual_Report_202425Rev1.pdf"
prov-eskom-segopye-ext,Eskom electrification of Segopye Extension,Segopye Ext electrification,Electricity,planned,"Planned for 2027/28, 31 connections",,,The planned amount looks far too low for the number of connections. The units in the CDM table may be wrong.,Eskom,,,,national,29,Segopje/Segopye,-23.79687,29.82090,village,"The amount is as printed in the CDM IDP and looks low for 31 connections. Pin marks Segopje village at Maribe school (EMIS 923240723: ward 29, village 'Segopje'), the same point as the other Segopje projects. Where the extension lies is not stated.",Capricorn DM IDP 2026/27 | https://www.cdm.org.za/wp-content/uploads/2026/06/Final-Draft-202627-IDP-and-budget-21-May-2026-Council.pdf ; DBE EMIS school masterlist 2025 (school GPS and ward) | https://www.education.gov.za/Programmes/EMIS/EMISDownloads.aspx
prov-eskom-sebayeng,Eskom electrification of Sebayeng,Sebayeng electrification,Electricity,planned,"Planned for 2028/29, 702 connections",,,The planned amount looks far too low for the number of connections. The units in the CDM table may be wrong.,Eskom,,,,national,32,Sebayeng,-23.7678345,29.6999874,village,"The amount is as printed in the CDM IDP and looks low for 702 connections. Pin marks Sebayeng (OpenStreetMap place node 5674142796), not the connection sites. The Census 2011 Sebayeng boundary lies wholly in ward 32, so the ward is given as 32; the CDM table gives no ward.",Capricorn DM IDP 2026/27 | https://www.cdm.org.za/wp-content/uploads/2026/06/Final-Draft-202627-IDP-and-budget-21-May-2026-Council.pdf ; OpenStreetMap: Sebayeng place node | https://www.openstreetmap.org/node/5674142796 ; Census 2011 village boundary (Adrian Frith) | https://census2011.adrianfrith.com/place/974028
prov-cdm-makgoba-biodigesters,Pilot renewable energy bio-digesters at Ga-Makgoba,Ga-Makgoba bio-digesters,Energy,complete,Pilot built; households get cooking gas. CDM still monitored the Makgoba biogas project in 2024/25,,,,Capricorn District Municipality,,,,district,,Ga-Makgoba,,,,"Climate change pilot. The CDM IDP 2026/27 (p.86) says CDM built bio-digesters at Ga-Makgoba village in Polokwane and that households now get cooking gas, but gives no budget or date. A University of Venda article (2020) says CDM gave R600 000 to pilot the project in selected communities around Makgoba village, and that the March 2020 biogas training was held at Makgoba Community Hall in ward 29 (ward numbers before the 2021 boundary changes). Polokwane has two Makgoba villages (near Ga-Dikgale in ward 33, and near Tshware in ward 30), and neither source says which, so it has no pin.","Capricorn DM IDP 2026/27 | https://www.cdm.org.za/wp-content/uploads/2026/06/Final-Draft-202627-IDP-and-budget-21-May-2026-Council.pdf ; Capricorn DM Draft IDP 2025/26 | https://www.cdm.org.za/wp-content/uploads/2025/03/CDM-Draft-2025-26-IDP-and-Budget.pdf ; University of Venda: biogas training and CDM pilot at Makgoba (2020, web archive) | http://web.archive.org/web/20200611030254/https://www.univen.ac.za/?p=18096 ; Capricorn DM Annual report 2024/25 | https://www.cdm.org.za/wp-content/uploads/2026/03/Final-2025-Annual-Report-AMENDED-with-MPAC-Resolution.pdf"
road-thlatlaganya-paving,Paving of internal street in Thlatlaganya access road in Ga-Makgoba (phase 2),Thlatlaganya paving,Roads,funded,New in the 2026/27 budget: 1 km of street to be paved by June 2027 (SDBIP 2026/27),,2027-06,,Polokwane Municipality,,,,municipal,31,"Thlatlaganya, Ga-Makgoba",-23.86333333,29.71761111,site,"The final 2026/27 budget lists it as 'Paving of internal street in Thlatlaganya access road in Ga Makgoba'; the A-Schedule (SA36) calls the same project 'Tlhatlaganya Phase 2'. Both say ward 31. The 2026/27 SA36 coordinates for phase 2 (-23.819, 29.522) fall outside the cluster. The pin uses the coordinates the 2025/26 SA36 gives for 'Paving of Thlathlanganya Roads' (23.8633, 29.7176, minus sign dropped), which fall in ward 31 near Syferkuil; that line looks like phase 1, so phase 2 may not be at the same spot. Note that the Ga-Makgoba village near Tshware is in ward 30, 9 km east, so the name and the coordinates do not fully agree. An earlier 'Paving of Thlathlanganya Roads' line (draft 2026/27 budget, R797k and R917k in later years) looks like phase 1 and is not counted separately. This is a different project from the 'Upgrading of access road in Ga Makgoba' (ward 33).",Polokwane Final Budget 2026/27 (Annexure A) | https://www.polokwane.gov.za/wp-content/uploads/LIM354-Budget-Document-Final-2027.pdf ; Polokwane Final Budget 2026/27 A-Schedule (SA36) | https://www.polokwane.gov.za/wp-content/uploads/LIM354-Annual-Budget_A-Schedule-202627_202829.pdf ; Polokwane Final IDP 2026/31 | https://www.polokwane.gov.za/wp-content/uploads/2026-31-Final-IDP-28-May-2026-V.pdf ; Polokwane Final Budget 2025/26 A-Schedule (SA36) | https://www.polokwane.gov.za/wp-content/uploads/2025/06/LIM354-ANNUAL-BUDGET-202526_2028_MTREF.pdf ; Polokwane SDBIP 2026/27 | https://www.polokwane.gov.za/wp-content/uploads/FINAL-2026-2027-SDBIP-25-JUNE-2026.pdf
road-solomondale-rehab,Rehabilitation of internal street in Solomondale,Solomondale street rehab,Roads,funded,New in the 2026/27 budget: 2.8 km of street to be rehabilitated by June 2027 (SDBIP 2026/27),,2027-06,,Polokwane Municipality,,,,municipal,32,Solomondale,-23.7749569,29.6891259,village,"A different project from the 'Paving of internal street from Solomondale to D3997'. The SA36 gives ward 32 but only the city's default coordinates. Which street is not stated. Pin marks Solomondale at Solomondale school (EMIS 923241405, ward 32, Sebayeng town), not the street.",Polokwane Final Budget 2026/27 (Annexure A) | https://www.polokwane.gov.za/wp-content/uploads/LIM354-Budget-Document-Final-2027.pdf ; Polokwane Final Budget 2026/27 A-Schedule (SA36) | https://www.polokwane.gov.za/wp-content/uploads/LIM354-Annual-Budget_A-Schedule-202627_202829.pdf ; DBE EMIS school masterlist 2025 (school GPS and ward) | https://www.education.gov.za/Programmes/EMIS/EMISDownloads.aspx ; Polokwane SDBIP 2026/27 | https://www.polokwane.gov.za/wp-content/uploads/FINAL-2026-2027-SDBIP-25-JUNE-2026.pdf
sanitation-sebayeng-dikgale-vip,Sebayeng/Dikgale Rural Sanitation (VIP toilets),Rural sanitation VIPs,Sanitation,complete,Built in 2023 and 2024 under three contracts: 744 VIPs complete Nov 2023; 725 VIPs and 727 VIPs reached practical completion (one in Oct 2024); contractors compiling beneficiary lists (Annual report 2024/25),,,,Polokwane Municipality,Saatchi; October Integrated; Todani,Mapco Projects and Development,"PM38/2022-12 (Saatchi) 725 VIPs wards 24 and 32; PM38/2022-16 (October Integrated) 727 VIPs wards 29 and 33; PM38/2022-15 (Todani) 744 VIPs; all start 12 May 2023, consultant Mapco (Annual report 2023/24 pp.606-607, where the refs are printed PM38/2002-; Annual report 2024/25 pp.843-844). Values per contract not stated; the three contracts total R37 950 000 appointed, VAT not stated (Final IDP 2024/25 p.462)",municipal,"24, 29 to 33",Sebayeng/Dikgale cluster villages,,,,"About 2 196 VIP toilets in three IUDG contracts (consultant Mapco): PM38/2022-15 (Todani Projects) 744 VIPs in wards 30 and 31, villages Kgokong, Ga-Kama, Mamotintane and Ga-Matholo, complete 16 Nov 2023; PM38/2022-12 (Saatchi) 725 VIPs in wards 24 and 32 (720 in the 2023/24 report), practical completion October 2024; PM38/2022-16 (October Integrated Projects) 727 VIPs in wards 29 and 33, practical completion. The toilets are spread over many villages, so there is no pin.",Polokwane Final IDP 2024/25 | https://www.polokwane.gov.za/wp-content/uploads/2024/04/2024-25-Final-IDP.pdf ; Polokwane Final IDP 2026/31 | https://www.polokwane.gov.za/wp-content/uploads/2026-31-Final-IDP-28-May-2026-V.pdf ; Polokwane Annual report 2023/24 | https://www.polokwane.gov.za/wp-content/uploads/2025/04/2023-2024-Annual-Report-with-Attachments-March-2025.pdf ; Polokwane Annual report 2024/25 | https://www.polokwane.gov.za/wp-content/uploads/202425-ANNUAL-REPORT-WITH-ANNEXURES-PLK-MUNICIPALITY-INCLUDING-ENTITY.pdf
road-matsiokwane-ngwanalaka,Paving of road from Matsiokwane Village to Ngwanalaka crossing at Mafiane,Matsiokwane–Ngwanalaka road,Roads,in_progress,"98%, June 2026: 1.26 km road practically complete, contractor busy with snag list after slow progress (Q4 report 2025/26)",98%,,,Polokwane Municipality,,,,municipal,24,Matsiokwane / Ngwanalaka (Mafiane),-23.8759800,29.6520958,village,"Pin marks Ngwanalaka (Ngwanalaka Secondary School, EMIS 923241108, ward 24), the road's named end point, not the road. Matsiokwane village and the Mafiane crossing are not located in any source. The 2025/26 budget also planned R11 130 435 (IUDG) for 2027/28, but the line is not in the 2026/27 budget.",Polokwane SDBIP 2024/25 (revised Mar 2025) | https://www.polokwane.gov.za/wp-content/uploads/2025/04/SDBIP-2024-2025-REVISED-1-March-2025.pdf ; Polokwane Q3 performance report 2024/25 | https://www.polokwane.gov.za/wp-content/uploads/2025/05/FINAL-THIRD-QUARTER-INSTITUTIONAL-PERFORMANCE-REPORT.pdf ; Polokwane Q4 performance report 2024/25 | https://www.polokwane.gov.za/wp-content/uploads/2025/08/FOURTH-QUARTER-INSTITUTIONAL-PERFORMANCE-REPORT-01-APRIL-2025-TO-30-JUNE-2025.pdf ; Polokwane Annual report 2024/25 | https://www.polokwane.gov.za/wp-content/uploads/202425-ANNUAL-REPORT-WITH-ANNEXURES-PLK-MUNICIPALITY-INCLUDING-ENTITY.pdf ; Polokwane Final Budget 2025/26 (Annexure A and SA36) | https://www.polokwane.gov.za/wp-content/uploads/2025/06/LIM354-ANNUAL-BUDGET-202526_2028_MTREF.pdf ; Polokwane Adjustments Budget 2025/26 (Annexure A) | https://www.polokwane.gov.za/wp-content/uploads/LIM354-Adjustments-Budget_202526.pdf ; Polokwane Q4 performance report 2025/26 (scanned) | https://www.polokwane.gov.za/wp-content/uploads/FOURTH-QUARTER-INSTITUTIONAL-PERFORMANCE-REPORT-30-JULY-2026.pdf ; DBE EMIS school masterlist 2025 (school GPS and ward) | https://www.education.gov.za/Programmes/EMIS/EMISDownloads.aspx
paving-madiga,Paving of internal street at Madiga,Madiga paving,Roads,planned,"Phase 1 paved and complete in 2023/24. Phase 2 is designed, with R870k excl planned only for 2028/29 (budget 2026/27)",,,,Polokwane Municipality,Shabback Business Enterprise,Muteo Consulting Engineers,"Phase 1 only ('Paving of streets in Sebayeng/Dikgale Cluster (Paving of internal street at Madiga) Ward 29'): PM53/2022 (panel ref), contract 23 Nov 2023 to 30 May 2024, value not stated, project completed (Annual report 2023/24 p.557). No contractor named for phase 2",municipal,29,Madiga,-23.80706389,29.71615556,site,"One entry for both phases. Phase 1 ('Paving of streets in Sebayeng/Dikgale Cluster (paving of internal street at Madiga)', ward 29) was paved in 2023/24; the Dikgale Traditional Council confirmed 'Madiga completed' (Final IDP 2025/26 p.1275). Phase 2 had a design budget in 2024/25 and construction money only in 2028/29, so the status is planned. Pin uses the coordinates the 2026/27 A-schedule (SA36) gives for this project (minus sign dropped on the latitude); they fall in ward 29.",Polokwane Annual report 2023/24 | https://www.polokwane.gov.za/wp-content/uploads/2025/04/2023-2024-Annual-Report-with-Attachments-March-2025.pdf ; Polokwane SDBIP 2024/25 (revised Mar 2025) | https://www.polokwane.gov.za/wp-content/uploads/2025/04/SDBIP-2024-2025-REVISED-1-March-2025.pdf ; Polokwane Q3 performance report 2024/25 | https://www.polokwane.gov.za/wp-content/uploads/2025/05/FINAL-THIRD-QUARTER-INSTITUTIONAL-PERFORMANCE-REPORT.pdf ; Polokwane Annual report 2024/25 | https://www.polokwane.gov.za/wp-content/uploads/202425-ANNUAL-REPORT-WITH-ANNEXURES-PLK-MUNICIPALITY-INCLUDING-ENTITY.pdf ; Polokwane Final IDP 2025/26 | http://www.polokwane.gov.za/wp-content/uploads/2025/06/2025-20-26-Final-IDP.pdf ; Polokwane Final Budget 2026/27 (Annexure A) | https://www.polokwane.gov.za/wp-content/uploads/LIM354-Budget-Document-Final-2027.pdf ; Polokwane Final Budget 2026/27 A-Schedule (SA36) | https://www.polokwane.gov.za/wp-content/uploads/LIM354-Annual-Budget_A-Schedule-202627_202829.pdf
bridge-sencherere,Construction of low-level bridge in Mankweng Sencherere,Sencherere bridge,Bridges,complete,"Complete: bridge built, payment and completion certificate, June 2026 (Q4 report 2025/26)",100%,,,Polokwane Municipality,,,,municipal,31,Sencherere,,,,"The budget names it 'Mankweng Sencherere'. Sencherere is listed as a ward 31 village in the ward needs tables (Final IDP 2026/31 p.1348). No coordinates are published and no school-register or other point for Sencherere was found, so it has no pin and its position inside ward 31 could not be checked.",Polokwane Adjustments Budget 2025/26 (Annexure A) | https://www.polokwane.gov.za/wp-content/uploads/LIM354-Adjustments-Budget_202526.pdf ; Polokwane Q4 performance report 2025/26 (scanned) | https://www.polokwane.gov.za/wp-content/uploads/FOURTH-QUARTER-INSTITUTIONAL-PERFORMANCE-REPORT-30-JULY-2026.pdf ; Polokwane Final IDP 2026/31 | https://www.polokwane.gov.za/wp-content/uploads/2026-31-Final-IDP-28-May-2026-V.pdf
prov-eskom-madiga-ext,Eskom electrification of Madiga Extension,Madiga Ext electrification,Electricity,planned,"Planned for 2027/28, 102 connections",,,"The CDM table prints 750 291 as planned capex for 102 connections, which looks far too low in rands; the units may be wrong, so no budget line is shown.",Eskom,,,,national,29,Madiga,-23.80706389,29.71615556,village,"Pin marks Madiga, using the coordinates the municipal budget gives for the Madiga street-paving project (ward 29); where the extension lies is not stated. Madiga is listed in ward 29 in the municipality's waste table (Final IDP 2026/31 p.465).",Capricorn DM IDP 2026/27 | https://www.cdm.org.za/wp-content/uploads/2026/06/Final-Draft-202627-IDP-and-budget-21-May-2026-Council.pdf ; Polokwane Final Budget 2026/27 A-Schedule (SA36) | https://www.polokwane.gov.za/wp-content/uploads/LIM354-Annual-Budget_A-Schedule-202627_202829.pdf
road-mamotintane-hospital,Completion of Hospital Road in Mamotintane Village,Mamotintane hospital road,Roads,funded,"In the 2026/27 budget for design (scoping, preliminary and detailed design in 2026/27); construction money in 2027/28",,,,Polokwane Municipality,,,,municipal,31,Mamotintane,,,,"Ward 31 in the budget and SDBIP; Mamotintane is listed as a ward 31 village (Final IDP 2026/31 p.1348). The IDP gives R1m (2026/27) and R9m (2027/28) for 0.8 km. The 2026/27 budget also has a separate CRR line 'Completion of Mamotintane road' of R14 000 000 excl in 2027/28 (p.155), probably the same road, which is not counted here. The earlier 'Completion of Hospital Road in Mankweng' (ward 31) had R31.06m appointed and was 91% done in 2023 (Final IDP 2024/25 p.456). No coordinates are published (the A-schedule gives the city default), so it has no pin.",Polokwane Final Budget 2026/27 (Annexure A) | https://www.polokwane.gov.za/wp-content/uploads/LIM354-Budget-Document-Final-2027.pdf ; Polokwane Final Budget 2026/27 A-Schedule (SA36) | https://www.polokwane.gov.za/wp-content/uploads/LIM354-Annual-Budget_A-Schedule-202627_202829.pdf ; Polokwane SDBIP 2026/27 | https://www.polokwane.gov.za/wp-content/uploads/FINAL-2026-2027-SDBIP-25-JUNE-2026.pdf ; Polokwane Final IDP 2026/31 | https://www.polokwane.gov.za/wp-content/uploads/2026-31-Final-IDP-28-May-2026-V.pdf ; Polokwane Final IDP 2024/25 | https://www.polokwane.gov.za/wp-content/uploads/2024/04/2024-25-Final-IDP.pdf
bridge-thabang-ngaleng,Construction of low-level bridge at Thabang Village near Ngaleng,Thabang bridge,Bridges,funded,New in the 2026/27 budget; bridge to be completed by June 2027 (SDBIP 2026/27),,2027-06,The budget funds it from IUDG; the SDBIP and IDP list it as own funds (CRR).,Polokwane Municipality,,,,municipal,31,Thabang (near Ngaleng),,,,"Ward 31 in the budget A-schedule and SDBIP; Thabang is listed as a ward 31 village and Ngaleng as a ward 30 village (Final IDP 2026/31 pp.1346-1348). No coordinates are published, so it has no pin.",Polokwane Final Budget 2026/27 (Annexure A) | https://www.polokwane.gov.za/wp-content/uploads/LIM354-Budget-Document-Final-2027.pdf ; Polokwane Final Budget 2026/27 A-Schedule (SA36) | https://www.polokwane.gov.za/wp-content/uploads/LIM354-Annual-Budget_A-Schedule-202627_202829.pdf ; Polokwane SDBIP 2026/27 | https://www.polokwane.gov.za/wp-content/uploads/FINAL-2026-2027-SDBIP-25-JUNE-2026.pdf ; Polokwane Final IDP 2026/31 | https://www.polokwane.gov.za/wp-content/uploads/2026-31-Final-IDP-28-May-2026-V.pdf
waste-dikgale-transfer-ramp,Construction of ramp at Dikgale transfer station,Dikgale transfer station ramp,Waste,complete,"Ramp built, June 2025 (Q4 report 2024/25; evidence: pictures)",100%,,"Only R269 618 incl (33%) of the R826 572 budget was spent in 2024/25 (Annual report), although the ramp is reported as built. Ward differs: the SDBIP says ward 32, the IDP lists the station in ward 33.",Polokwane Municipality,,,,municipal,33,Ga-Dikgale,,,,"The Dikgale rural transfer station is listed as 'Ga-Dikgale ward 33, operational' (Final IDP 2026/31 p.462); the 2024/25 SDBIP tags the ramp project to ward 32. The SDBIP scope also mentions repairing a damaged electrical connection. No coordinates are published, so it has no pin.",Polokwane SDBIP 2024/25 (revised Mar 2025) | https://www.polokwane.gov.za/wp-content/uploads/2025/04/SDBIP-2024-2025-REVISED-1-March-2025.pdf ; Polokwane Q3 performance report 2024/25 | https://www.polokwane.gov.za/wp-content/uploads/2025/05/FINAL-THIRD-QUARTER-INSTITUTIONAL-PERFORMANCE-REPORT.pdf ; Polokwane Q4 performance report 2024/25 | https://www.polokwane.gov.za/wp-content/uploads/2025/08/FOURTH-QUARTER-INSTITUTIONAL-PERFORMANCE-REPORT-01-APRIL-2025-TO-30-JUNE-2025.pdf ; Polokwane Annual report 2024/25 | https://www.polokwane.gov.za/wp-content/uploads/202425-ANNUAL-REPORT-WITH-ANNEXURES-PLK-MUNICIPALITY-INCLUDING-ENTITY.pdf ; Polokwane Final IDP 2026/31 | https://www.polokwane.gov.za/wp-content/uploads/2026-31-Final-IDP-28-May-2026-V.pdf
waste-makotopong-transfer-electrification,Makotopong transfer station electrification,Makotopong transfer station power,Waste,deferred,"Planned in the 2025/26 budget for 2026/27 (R600k), but not in the 2026/27 budget",,,,Polokwane Municipality,,,,municipal,24,Makotopong,-23.828385,29.667414,site,"The Makotopong rural transfer station is listed as 'Makotopong ward 24, operational', and the IDP says budget is needed to install electricity (Final IDP 2026/31 pp.461-462). Pin uses the coordinates the 2025/26 A-schedule (SA36) gives for this project; they fall in ward 24.",Polokwane Final Budget 2025/26 (Annexure A and SA36) | https://www.polokwane.gov.za/wp-content/uploads/2025/06/LIM354-ANNUAL-BUDGET-202526_2028_MTREF.pdf ; Polokwane Adjustments Budget 2025/26 (Annexure A) | https://www.polokwane.gov.za/wp-content/uploads/LIM354-Adjustments-Budget_202526.pdf ; Polokwane Final IDP 2026/31 | https://www.polokwane.gov.za/wp-content/uploads/2026-31-Final-IDP-28-May-2026-V.pdf ; Polokwane Final Budget 2026/27 (Annexure A) | https://www.polokwane.gov.za/wp-content/uploads/LIM354-Budget-Document-Final-2027.pdf
road-d3997-mokgopo-makalanyane,Upgrading of arterial road D3997 from GaMokgopo to Ga Makalanyane,D3997 Mokgopo road,Roads,deferred,Still at planning stage in 2025 (IDP 2025/26); dropped from the 2025/26 and 2026/27 budgets,,,,Polokwane Municipality (RAL roads list),,,,municipal,33,Ga-Mokgopo / Ga-Makalanyane,,,,"Ward 33 in the IDP and the National Treasury project register. R1 179 152 was spent in 2020/21 (Municipal Money, project PC001001002006002_00069). The Final IDP 2024/25 planned R825 652 (2024/25), R1 376 675 (2025/26) and R2 608 696 (2026/27) on its RAL roads list, VAT not stated. No later budget lists it. Mokgopo and Makalanyane are not located, so it has no pin.",Polokwane Final IDP 2024/25 | https://www.polokwane.gov.za/wp-content/uploads/2024/04/2024-25-Final-IDP.pdf ; Polokwane Final IDP 2025/26 | http://www.polokwane.gov.za/wp-content/uploads/2025/06/2025-20-26-Final-IDP.pdf ; Municipal Money infrastructure projects (National Treasury) | https://municipalmoney.gov.za/infrastructure/projects/
prov-dikgale-traditional-council-office,Dikgale Traditional Council office,Dikgale TC office,Community services,complete,Built and handed over on 7 October 2022 (CoGHSTA TODAY),,,,"Limpopo Department of Public Works, Roads and Infrastructure for CoGHSTA",,,,provincial,,Ga-Dikgale (Moshate),-23.7620556,29.7897222,village,"Provincial project; cost not published. The MEC for CoGHSTA handed the office over at the Dikgale Royal Grounds. DPWRI lists Dikgale among ten traditional council offices it built (APP 2025/26 PDF p.41). The exact site is not published: the pin marks Ga-Dikgale Moshate using the coordinates the municipal budget gives for the Ga-Dikgale Moshate street-paving project, and the ward is left blank.",CoGHSTA TODAY No.19 (2022/23) | https://www.coghsta.limpopo.gov.za/documents/CoGHSTA%20TODAY%2019%20of%202023.pdf ; Limpopo DPWRI Annual Performance Plan 2025/26 | https://www.dpw.limpopo.gov.za/Database/uploads/documents/perfomance_plans/20252026%20Departmental%20Annual%20Performance%20Plan.pdf ; Polokwane Adjustments Budget 2025/26 (Annexure A) | https://www.polokwane.gov.za/wp-content/uploads/LIM354-Adjustments-Budget_202526.pdf
